filename,timbre,type,interval_or_chord,root,hp_consonance,hp_interference,hp_harmonicity,eu_mean_qwen25_omni_7b,eu_var_qwen25_omni_7b,sr_composite_qwen25_omni_7b,eu_mean_qwen3_omni_30b,eu_var_qwen3_omni_30b,sr_composite_qwen3_omni_30b
anchor_pure_A4.wav,sine,anchor,pure_tone,A4,1.15,0.0,1.0,-0.916206419467926,84.81515502929688,4.615,-1.0159655809402466,0.116457000374794,5.44
anchor_silence.wav,none,anchor,silence,N/A,0.0,0.0,0.0,-1.8567554950714111,24.71673583984375,3.9,-2.295633554458618,0.11476034671068192,3.9
anchor_white_noise.wav,noise,anchor,white_noise,N/A,-1.0,1.0,0.0,-2.1578195095062256,0.2553442418575287,4.355,-3.584290027618408,0.08742811530828476,4.32
piano_chord_augmented_triad_C3.wav,piano,chord,augmented_triad,C3,0.91424,0.06968,0.78392,0.15192125737667084,70.86121368408203,4.62,0.15579400956630707,12.351758003234863,5.58
piano_chord_augmented_triad_C4.wav,piano,chord,augmented_triad,C4,0.937883,0.046036,0.78392,0.29661378264427185,56.639930725097656,4.74,0.6684151887893677,1.5713731050491333,5.48
piano_chord_augmented_triad_E3.wav,piano,chord,augmented_triad,E3,0.923205,0.060714,0.78392,0.34998029470443726,102.50018310546875,4.9733,0.2923010587692261,0.01861848309636116,5.14
piano_chord_augmented_triad_E4.wav,piano,chord,augmented_triad,E4,0.943755,0.040165,0.78392,0.8563681244850159,8.922715187072754,4.68,0.2671673595905304,12.415992736816406,5.4
piano_chord_augmented_triad_G3.wav,piano,chord,augmented_triad,G3,0.929199,0.054721,0.78392,-0.06444919109344482,64.63097381591797,4.645,1.5216861963272095,2.456247329711914,5.42
piano_chord_augmented_triad_G4.wav,piano,chord,augmented_triad,G4,0.947595,0.036325,0.78392,0.42730483412742615,27.32827377319336,4.66,0.761799156665802,1.4125845432281494,5.34
piano_chord_augmented_triad_inv1_C3.wav,piano,inversion,augmented_triad_inv1,C3,0.873205,0.060714,0.78392,0.30713048577308655,89.71602630615234,4.7,0.3040294051170349,0.013155545108020306,5.36
piano_chord_augmented_triad_inv1_C4.wav,piano,inversion,augmented_triad_inv1,C4,0.893755,0.040165,0.78392,1.4557877779006958,81.44654083251953,4.72,0.32398149371147156,3.3125882148742676,5.28
piano_chord_augmented_triad_inv1_G3.wav,piano,inversion,augmented_triad_inv1,G3,0.886271,0.047649,0.78392,0.18719646334648132,9.885022163391113,4.86,1.7464148998260498,2.613095998764038,5.42
piano_chord_augmented_triad_inv2_C3.wav,piano,inversion,augmented_triad_inv2,C3,0.881063,0.052857,0.78392,0.32947081327438354,30.28899383544922,4.37,1.7404162883758545,1.5424884557724,5.46
piano_chord_augmented_triad_inv2_C4.wav,piano,inversion,augmented_triad_inv2,C4,0.898777,0.035143,0.78392,1.307099461555481,54.88650894165039,4.56,0.3599376678466797,0.09816944599151611,5.4
piano_chord_augmented_triad_inv2_G3.wav,piano,inversion,augmented_triad_inv2,G3,0.892371,0.041549,0.78392,0.12648025155067444,22.21808433532715,4.46,0.7582284212112427,1.1657129526138306,5.44
piano_chord_diminished_7th_C3.wav,piano,chord,diminished_7th,C3,0.978291,0.084838,0.838129,-0.015076998621225357,74.38058471679688,4.26,-1.4054423570632935,0.3724571466445923,4.66
piano_chord_diminished_7th_C4.wav,piano,chord,diminished_7th,C4,1.006689,0.05644,0.838129,0.5585368275642395,0.13429442048072815,4.185,0.0578436404466629,0.15348513424396515,4.68
piano_chord_diminished_7th_E3.wav,piano,chord,diminished_7th,E3,0.988659,0.074469,0.838129,0.03744785487651825,15.640804290771484,4.765,-0.6038450002670288,0.2826288342475891,4.5
piano_chord_diminished_7th_E4.wav,piano,chord,diminished_7th,E4,1.014376,0.048753,0.838129,0.3552619516849518,21.61773681640625,4.54,0.7798487544059753,3.194981098175049,4.83
piano_chord_diminished_7th_G3.wav,piano,chord,diminished_7th,G3,0.995841,0.067288,0.838129,-0.0038494933396577835,37.84760665893555,4.61,0.025823412463068962,0.9354193210601807,4.42
piano_chord_diminished_7th_G4.wav,piano,chord,diminished_7th,G4,1.019578,0.04355,0.838129,0.5576679110527039,0.5041046142578125,4.46,0.5710041522979736,19.325489044189453,4.68
piano_chord_diminished_triad_C3.wav,piano,chord,diminished_triad,C3,0.859697,0.087347,0.672045,-0.9853745698928833,107.6275863647461,4.4,-1.291582465171814,0.8047952055931091,4.5
piano_chord_diminished_triad_C4.wav,piano,chord,diminished_triad,C4,0.888856,0.058188,0.672045,-0.13724876940250397,4.348540306091309,4.54,-0.0160363782197237,0.18219272792339325,4.74
piano_chord_diminished_triad_E3.wav,piano,chord,diminished_triad,E3,0.8703,0.076744,0.672045,-0.01730462908744812,45.58512496948242,4.5,0.09301161766052246,1.0566610097885132,4.54
piano_chord_diminished_triad_E4.wav,piano,chord,diminished_triad,E4,0.896821,0.050223,0.672045,0.4145788848400116,14.318111419677734,4.66,1.8356636762619019,1.6597044467926025,4.48
piano_chord_diminished_triad_G3.wav,piano,chord,diminished_triad,G3,0.877672,0.069372,0.672045,0.1600487381219864,11.933356285095215,4.56,-0.3790092170238495,3.661567449569702,4.72
piano_chord_diminished_triad_G4.wav,piano,chord,diminished_triad,G4,0.902234,0.044811,0.672045,0.5403473377227783,5.860626697540283,4.44,0.7039412260055542,2.535902261734009,4.78
piano_chord_diminished_triad_inv1_C3.wav,piano,inversion,diminished_triad_inv1,C3,0.539107,0.067065,0.456172,0.13202185928821564,2.9376189708709717,4.36,-0.6736675500869751,0.5425304174423218,4.7
piano_chord_diminished_triad_inv1_C4.wav,piano,inversion,diminished_triad_inv1,C4,0.561891,0.044281,0.456172,0.559994101524353,3.6791858673095703,4.42,0.2245790958404541,0.4776209890842438,4.86
piano_chord_diminished_triad_inv1_G3.wav,piano,inversion,diminished_triad_inv1,G3,0.553259,0.052913,0.456172,0.043865565210580826,66.3701171875,4.685,0.04274334758520126,0.46141859889030457,4.72
piano_chord_diminished_triad_inv2_C3.wav,piano,inversion,diminished_triad_inv2,C3,0.549506,0.056665,0.456172,-0.4947960674762726,73.52149200439453,4.41,-0.036240480840206146,0.8840961456298828,4.68
piano_chord_diminished_triad_inv2_C4.wav,piano,inversion,diminished_triad_inv2,C4,0.569579,0.036593,0.456172,0.4090011715888977,27.029743194580078,4.81,0.03275449201464653,2.803290843963623,4.68
piano_chord_diminished_triad_inv2_G3.wav,piano,inversion,diminished_triad_inv2,G3,0.562129,0.044043,0.456172,0.19506241381168365,67.83812713623047,4.62,0.20475886762142181,4.177023410797119,4.72
piano_chord_dominant_7th_C3.wav,piano,chord,dominant_7th,C3,0.844838,0.076026,0.520864,0.043404944241046906,13.893756866455078,4.605,-0.15001650154590607,1.0150994062423706,5.48
piano_chord_dominant_7th_C4.wav,piano,chord,dominant_7th,C4,0.871428,0.049435,0.520864,0.39542245864868164,21.038541793823242,4.72,2.693809747695923,33.754520416259766,5.36
piano_chord_dominant_7th_E3.wav,piano,chord,dominant_7th,E3,0.854629,0.066235,0.520864,0.32654130458831787,4.620697975158691,4.72,0.0368146188557148,0.2672329545021057,5.52
piano_chord_dominant_7th_E4.wav,piano,chord,dominant_7th,E4,0.878493,0.042371,0.520864,0.5125476121902466,12.665069580078125,4.66,0.4620319902896881,0.45695850253105164,5.32
piano_chord_dominant_7th_G3.wav,piano,chord,dominant_7th,G3,0.861357,0.059507,0.520864,-0.04423508420586586,47.690975189208984,4.8,0.061151329427957535,0.38855162262916565,5.46
piano_chord_dominant_7th_G4.wav,piano,chord,dominant_7th,G4,0.883236,0.037628,0.520864,1.757012963294983,86.63243103027344,4.415,0.6058534979820251,3.56364107131958,5.4
piano_chord_major_7th_C3.wav,piano,chord,major_7th,C3,0.787591,0.068141,0.530732,-0.6738741993904114,69.17027282714844,4.87,0.07534508407115936,0.6062930226325989,5.7
piano_chord_major_7th_C4.wav,piano,chord,major_7th,C4,0.809676,0.046057,0.530732,0.174503356218338,28.728025436401367,4.42,1.5845482349395752,1.1725995540618896,5.9
piano_chord_major_7th_E3.wav,piano,chord,major_7th,E3,0.795912,0.05982,0.530732,-0.04191383346915245,12.25512409210205,5.09,1.5644657611846924,2.3391709327697754,5.66
piano_chord_major_7th_E4.wav,piano,chord,major_7th,E4,0.815268,0.040464,0.530732,0.5641389489173889,0.40863651037216187,4.77,0.5486310124397278,13.07543659210205,5.9
piano_chord_major_7th_G3.wav,piano,chord,major_7th,G3,0.801504,0.054228,0.530732,0.306189626455307,49.20913314819336,4.88,0.6846786141395569,1.0178346633911133,5.86
piano_chord_major_7th_G4.wav,piano,chord,major_7th,G4,0.818965,0.036767,0.530732,1.2854738235473633,80.2745132446289,4.71,0.6862108111381531,0.20001551508903503,6.02
piano_chord_major_triad_C3.wav,piano,chord,major_triad,C3,0.810775,0.067045,0.40282,-0.2650700509548187,59.9049186706543,4.58,0.37457236647605896,0.5253891348838806,5.94
piano_chord_major_triad_C4.wav,piano,chord,major_triad,C4,0.836621,0.041199,0.40282,1.4318190813064575,117.68426513671875,4.56,0.8566569685935974,5.864511489868164,6.2
piano_chord_major_triad_E3.wav,piano,chord,major_triad,E3,0.820494,0.057326,0.40282,-0.23126989603042603,54.09803771972656,4.8,0.32005438208580017,8.251583099365234,5.92
piano_chord_major_triad_E4.wav,piano,chord,major_triad,E4,0.843112,0.034708,0.40282,1.320483684539795,28.046689987182617,4.74,0.665979266166687,0.5187373757362366,6.04
piano_chord_major_triad_G3.wav,piano,chord,major_triad,G3,0.82705,0.05077,0.40282,0.15986484289169312,23.311376571655273,4.62,0.5785547494888306,0.5901125073432922,5.96
piano_chord_major_triad_G4.wav,piano,chord,major_triad,G4,0.847341,0.030479,0.40282,0.5606912970542908,30.91811752319336,4.82,0.3196185529232025,0.5131921768188477,6.0
piano_chord_major_triad_inv1_C3.wav,piano,inversion,major_triad_inv1,C3,0.453616,0.063233,0.36685,0.44004860520362854,10.610740661621094,4.62,0.08245537430047989,0.7592647075653076,5.9
piano_chord_major_triad_inv1_C4.wav,piano,inversion,major_triad_inv1,C4,0.475823,0.041027,0.36685,2.1536319255828857,85.98966217041016,4.82,0.6381269693374634,5.821829319000244,6.18
piano_chord_major_triad_inv1_G3.wav,piano,inversion,major_triad_inv1,G3,0.467515,0.049335,0.36685,0.2809299826622009,29.739608764648438,4.805,0.5481742024421692,0.48918795585632324,6.02
piano_chord_major_triad_inv2_C3.wav,piano,inversion,major_triad_inv2,C3,0.470097,0.045454,0.365551,0.4964752495288849,44.36323165893555,4.735,1.5670855045318604,2.032724142074585,5.8
piano_chord_major_triad_inv2_C4.wav,piano,inversion,major_triad_inv2,C4,0.48832,0.02723,0.365551,2.2382822036743164,40.403133392333984,4.86,1.841800332069397,0.6568566560745239,6.04
piano_chord_major_triad_inv2_G3.wav,piano,inversion,major_triad_inv2,G3,0.481782,0.033769,0.365551,0.4305756092071533,31.055152893066406,5.005,0.724267840385437,15.000971794128418,5.9
piano_chord_minor_7th_C3.wav,piano,chord,minor_7th,C3,0.835603,0.071053,0.531656,-0.5981916785240173,108.40070343017578,4.27,0.2811773121356964,0.6317130923271179,5.2
piano_chord_minor_7th_C4.wav,piano,chord,minor_7th,C4,0.861632,0.045023,0.531656,0.1374356895685196,13.108026504516602,4.36,2.6655263900756836,9.080080032348633,5.46
piano_chord_minor_7th_E3.wav,piano,chord,minor_7th,E3,0.845231,0.061425,0.531656,0.13795286417007446,33.14963912963867,4.24,0.282593309879303,0.013977006077766418,5.3
piano_chord_minor_7th_E4.wav,piano,chord,minor_7th,E4,0.868458,0.038198,0.531656,0.5254315733909607,36.80554962158203,4.59,0.7838893532752991,0.7564973831176758,5.56
piano_chord_minor_7th_G3.wav,piano,chord,minor_7th,G3,0.851821,0.054834,0.531656,0.10226652771234512,34.64336013793945,4.66,0.6599300503730774,0.7128831744194031,5.34
piano_chord_minor_7th_G4.wav,piano,chord,minor_7th,G4,0.873003,0.033653,0.531656,1.59711754322052,98.45182800292969,4.5,1.635275959968567,1.9255857467651367,5.58
piano_chord_minor_triad_C3.wav,piano,chord,minor_triad,C3,0.784363,0.068457,0.40282,-0.3309409022331238,58.55669021606445,4.3,-0.20937660336494446,4.367061614990234,5.36
piano_chord_minor_triad_C4.wav,piano,chord,minor_triad,C4,0.810134,0.042686,0.40282,0.2668845057487488,60.675411224365234,4.48,0.4117763340473175,0.980902373790741,5.24
piano_chord_minor_triad_E3.wav,piano,chord,minor_triad,E3,0.79402,0.0588,0.40282,-0.5150726437568665,47.92033386230469,4.48,0.010962879285216331,1.416184902191162,4.98
piano_chord_minor_triad_E4.wav,piano,chord,minor_triad,E4,0.816678,0.036142,0.40282,0.3813701570034027,4.2264084815979,4.415,0.6938996911048889,0.4859410524368286,5.6
piano_chord_minor_triad_G3.wav,piano,chord,minor_triad,G3,0.800553,0.052267,0.40282,0.24412302672863007,21.602333068847656,4.5,1.043395757675171,8.698272705078125,5.36
piano_chord_minor_triad_G4.wav,piano,chord,minor_triad,G4,0.820972,0.031848,0.40282,0.6937680840492249,11.303077697753906,4.5,0.6861112117767334,2.142641544342041,5.34
piano_chord_minor_triad_inv1_C3.wav,piano,inversion,minor_triad_inv1,C3,0.460823,0.054728,0.365551,0.16310158371925354,7.430440425872803,4.495,0.11575847119092941,1.4469720125198364,5.3
piano_chord_minor_triad_inv1_C4.wav,piano,inversion,minor_triad_inv1,C4,0.482389,0.033162,0.365551,1.3134496212005615,28.03337860107422,4.315,0.5027342438697815,1.7931270599365234,5.58
piano_chord_minor_triad_inv1_G3.wav,piano,inversion,minor_triad_inv1,G3,0.47452,0.041031,0.365551,0.3244341313838959,24.177474975585938,4.56,1.251409649848938,2.95820689201355,5.54
piano_chord_minor_triad_inv2_C3.wav,piano,inversion,minor_triad_inv2,C3,0.462583,0.054267,0.36685,-0.1636977642774582,15.652872085571289,4.64,0.42902687191963196,0.24052338302135468,5.265
piano_chord_minor_triad_inv2_C4.wav,piano,inversion,minor_triad_inv2,C4,0.482439,0.03441,0.36685,0.9148145914077759,40.045467376708984,4.68,0.4765663146972656,0.5067608952522278,5.38
piano_chord_minor_triad_inv2_G3.wav,piano,inversion,minor_triad_inv2,G3,0.475121,0.041729,0.36685,0.10338418930768967,39.94881057739258,4.595,0.7320994138717651,5.638522624969482,5.52
piano_interval_major_second_C3.wav,piano,interval,major_second,C3,0.642366,0.111449,0.503815,-0.942818284034729,94.43158721923828,4.54,-2.181082248687744,0.15651792287826538,5.6
piano_interval_major_second_C4.wav,piano,interval,major_second,C4,0.670198,0.083617,0.503815,-0.46288418769836426,5.677903652191162,4.335,0.11608542501926422,1.912603735923767,5.54
piano_interval_major_second_E3.wav,piano,interval,major_second,E3,0.651706,0.102109,0.503815,-1.2141258716583252,26.84708595275879,4.58,-1.0605684518814087,5.386869430541992,5.56
piano_interval_major_second_E4.wav,piano,interval,major_second,E4,0.679288,0.074527,0.503815,-0.40484610199928284,33.324710845947266,4.82,0.05613775551319122,0.4003666043281555,5.6
piano_interval_major_second_G3.wav,piano,interval,major_second,G3,0.658673,0.095142,0.503815,-0.16935783624649048,39.78664016723633,4.695,-0.4970749020576477,1.1504697799682617,5.4
piano_interval_major_second_G4.wav,piano,interval,major_second,G4,0.685982,0.067833,0.503815,1.4888769388198853,57.32383346557617,4.565,0.14296787977218628,0.5861993432044983,5.82
piano_interval_major_seventh_C3.wav,piano,interval,major_seventh,C3,0.605863,0.06914,0.500003,-1.75663423538208,54.66935729980469,4.84,-1.537485957145691,0.34179025888442993,5.8
piano_interval_major_seventh_C4.wav,piano,interval,major_seventh,C4,0.61471,0.060293,0.500003,-1.1690597534179688,77.28718566894531,5.14,-0.5767205953598022,2.4447879791259766,5.84
piano_interval_major_seventh_E3.wav,piano,interval,major_seventh,E3,0.608962,0.06604,0.500003,-0.7041406631469727,38.76938247680664,5.045,-0.8859386444091797,3.818899631500244,5.74
piano_interval_major_seventh_E4.wav,piano,interval,major_seventh,E4,0.617593,0.057409,0.500003,-0.10095401108264923,11.88910961151123,4.92,-0.7518735527992249,0.05141168087720871,5.78
piano_interval_major_seventh_G3.wav,piano,interval,major_seventh,G3,0.611152,0.063851,0.500003,0.23819579184055328,6.334273338317871,5.04,-0.9956137537956238,2.9408953189849854,6.02
piano_interval_major_seventh_G4.wav,piano,interval,major_seventh,G4,0.61983,0.055172,0.500003,0.5040382146835327,16.680543899536133,5.2,-0.7246444225311279,0.04263322427868843,5.92
piano_interval_major_sixth_C3.wav,piano,interval,major_sixth,C3,0.783312,0.047139,0.50545,0.2598424553871155,21.28545379638672,5.14,-0.08499466627836227,0.1836615651845932,5.88
piano_interval_major_sixth_C4.wav,piano,interval,major_sixth,C4,0.80132,0.02913,0.50545,1.3922998905181885,168.6501007080078,4.9,0.3686889410018921,0.6120465397834778,5.8
piano_interval_major_sixth_E3.wav,piano,interval,major_sixth,E3,0.79008,0.040371,0.50545,-0.1291140913963318,80.302734375,5.02,-0.4243676960468292,3.325131416320801,5.72
piano_interval_major_sixth_E4.wav,piano,interval,major_sixth,E4,0.80587,0.024581,0.50545,0.44606250524520874,3.669659376144409,4.835,-0.07712727040052414,1.0124374628067017,5.64
piano_interval_major_sixth_G3.wav,piano,interval,major_sixth,G3,0.794642,0.035809,0.50545,-0.1305285394191742,28.135650634765625,4.96,0.20109941065311432,2.0554516315460205,5.76
piano_interval_major_sixth_G4.wav,piano,interval,major_sixth,G4,0.80884,0.021611,0.50545,2.2066240310668945,226.41896057128906,5.1,0.10240267962217331,0.4275573492050171,5.88
piano_interval_major_third_C3.wav,piano,interval,major_third,C3,0.816028,0.062762,0.50379,-0.8600836992263794,76.20068359375,5.1,-0.3386158049106598,1.4986517429351807,5.82
piano_interval_major_third_C4.wav,piano,interval,major_third,C4,0.839804,0.038986,0.50379,-0.20572133362293243,35.24708557128906,4.88,0.0800197646021843,0.24457712471485138,5.82
piano_interval_major_third_E3.wav,piano,interval,major_third,E3,0.825068,0.053721,0.50379,0.014529896900057793,50.70566940307617,4.82,0.200003519654274,0.020723821595311165,5.92
piano_interval_major_third_E4.wav,piano,interval,major_third,E4,0.845615,0.033175,0.50379,0.5685580968856812,0.10757263004779816,4.82,0.3021824061870575,1.0808402299880981,5.66
piano_interval_major_third_G3.wav,piano,interval,major_third,G3,0.831104,0.047686,0.50379,-1.293277621269226,73.81175231933594,5.12,0.42615410685539246,0.7976717948913574,5.92
piano_interval_major_third_G4.wav,piano,interval,major_third,G4,0.849356,0.029434,0.50379,-0.01206168346107006,30.466045379638672,5.035,0.19040901958942413,0.40292972326278687,5.82
piano_interval_minor_second_C3.wav,piano,interval,minor_second,C3,0.344086,0.126075,0.345161,-1.1762126684188843,65.42252349853516,4.14,-2.7444939613342285,0.11349934339523315,4.18
piano_interval_minor_second_C4.wav,piano,interval,minor_second,C4,0.351882,0.118279,0.345161,-1.1428838968276978,116.59801483154297,4.115,-2.1779844760894775,0.3906574249267578,4.06
piano_interval_minor_second_E3.wav,piano,interval,minor_second,E3,0.346624,0.123536,0.345161,-0.8172439336776733,75.44439697265625,4.385,-2.692270040512085,0.10458496958017349,3.88
piano_interval_minor_second_E4.wav,piano,interval,minor_second,E4,0.354933,0.115228,0.345161,-0.5184826254844666,139.65472412109375,4.325,-1.6390804052352905,0.2193334400653839,4.32
piano_interval_minor_second_G3.wav,piano,interval,minor_second,G3,0.348518,0.121643,0.345161,-0.355428010225296,46.90573501586914,4.3,-2.320178508758545,0.11918459087610245,4.265
piano_interval_minor_second_G4.wav,piano,interval,minor_second,G4,0.357511,0.11265,0.345161,-0.15568098425865173,20.623668670654297,4.37,-2.301628828048706,0.11188893765211105,4.28
piano_interval_minor_seventh_C3.wav,piano,interval,minor_seventh,C3,0.66433,0.060672,0.500002,-1.1037144660949707,48.74928665161133,4.72,-1.1237815618515015,0.2984740138053894,5.24
piano_interval_minor_seventh_C4.wav,piano,interval,minor_seventh,C4,0.683295,0.041707,0.500002,-0.4726713001728058,19.268516540527344,4.58,0.08987948298454285,2.2352113723754883,5.32
piano_interval_minor_seventh_E3.wav,piano,interval,minor_seventh,E3,0.671014,0.053988,0.500002,-0.05263126268982887,81.15116119384766,4.64,-0.3233751356601715,0.12418553978204727,5.42
piano_interval_minor_seventh_E4.wav,piano,interval,minor_seventh,E4,0.68892,0.036082,0.500002,0.32888779044151306,45.436004638671875,4.42,-0.1668100357055664,0.9612637758255005,5.18
piano_interval_minor_seventh_G3.wav,piano,interval,minor_seventh,G3,0.675782,0.04922,0.500002,-0.46752771735191345,20.256126403808594,4.6,-0.29138651490211487,0.2684193551540375,5.38
piano_interval_minor_seventh_G4.wav,piano,interval,minor_seventh,G4,0.692903,0.032099,0.500002,1.3998134136199951,0.370552659034729,4.505,-0.4269397556781769,6.933900833129883,5.38
piano_interval_minor_sixth_C3.wav,piano,interval,minor_sixth,C3,0.733997,0.051794,0.510791,-0.3102112114429474,159.97665405273438,4.44,-0.4458831548690796,0.6539304256439209,5.34
piano_interval_minor_sixth_C4.wav,piano,interval,minor_sixth,C4,0.748712,0.037079,0.510791,0.3463062047958374,7.494610786437988,4.7,-0.02975245751440525,5.988678932189941,5.46
piano_interval_minor_sixth_E3.wav,piano,interval,minor_sixth,E3,0.739681,0.04611,0.510791,0.5707288384437561,0.18263277411460876,4.5,-0.6284744739532471,0.12843869626522064,5.24
piano_interval_minor_sixth_E4.wav,piano,interval,minor_sixth,E4,0.752347,0.033444,0.510791,0.7862790822982788,41.32148361206055,4.62,-0.10791579633951187,0.025134462863206863,5.36
piano_interval_minor_sixth_G3.wav,piano,interval,minor_sixth,G3,0.743392,0.042399,0.510791,-0.06139110401272774,36.28485107421875,4.46,0.10583426803350449,2.779381036758423,5.28
piano_interval_minor_sixth_G4.wav,piano,interval,minor_sixth,G4,0.754793,0.030998,0.510791,0.5807920694351196,0.20317886769771576,4.48,-0.05149908363819122,0.28142908215522766,5.22
piano_interval_minor_third_C3.wav,piano,interval,minor_third,C3,0.770111,0.081831,0.501942,-0.9664082527160645,110.50970458984375,4.72,-0.9953186511993408,1.9936400651931763,5.74
piano_interval_minor_third_C4.wav,piano,interval,minor_third,C4,0.798879,0.053063,0.501942,-1.4882595539093018,0.22378796339035034,4.46,-0.1629568487405777,0.09779233485460281,5.64
piano_interval_minor_third_E3.wav,piano,interval,minor_third,E3,0.780465,0.071477,0.501942,-0.6564950942993164,79.62579345703125,4.285,0.39291009306907654,0.523931622505188,5.32
piano_interval_minor_third_E4.wav,piano,interval,minor_third,E4,0.806866,0.045076,0.501942,0.44452863931655884,17.19208335876465,4.3,0.47240495681762695,0.9712342023849487,5.56
piano_interval_minor_third_G3.wav,piano,interval,minor_third,G3,0.787739,0.064203,0.501942,-0.9066227078437805,98.29388427734375,4.48,0.5327728390693665,9.867109298706055,5.64
piano_interval_minor_third_G4.wav,piano,interval,minor_third,G4,0.812298,0.039644,0.501942,0.14670565724372864,20.13848304748535,4.54,0.47003820538520813,1.4013291597366333,5.58
piano_interval_octave_C3.wav,piano,interval,octave,C3,1.10987,0.007462,0.667332,-0.06103625148534775,8.694458961486816,4.56,-0.6482310891151428,9.078399658203125,5.705
piano_interval_octave_C4.wav,piano,interval,octave,C4,1.115034,0.002298,0.667332,0.4683634042739868,4.281548500061035,4.76,-0.3263970911502838,1.6683531999588013,5.88
piano_interval_octave_E3.wav,piano,interval,octave,E3,1.112153,0.005179,0.667332,-0.925268292427063,180.4793243408203,4.9,-0.48867231607437134,1.824896216392517,5.86
piano_interval_octave_E4.wav,piano,interval,octave,E4,1.11587,0.001462,0.667332,-0.2967740595340729,14.88184642791748,4.955,-0.6600266098976135,0.2336602360010147,6.02
piano_interval_octave_G3.wav,piano,interval,octave,G3,1.113461,0.003871,0.667332,0.45422905683517456,107.66067504882812,4.52,-0.30429792404174805,0.3466860353946686,5.78
piano_interval_octave_G4.wav,piano,interval,octave,G4,1.116314,0.001018,0.667332,1.6786086559295654,62.137115478515625,4.72,-0.42147475481033325,0.38672539591789246,5.9
piano_interval_perfect_fifth_C3.wav,piano,interval,perfect_fifth,C3,0.927092,0.028,0.530091,-0.20954973995685577,20.453628540039062,4.86,-0.037281159311532974,1.1235984563827515,6.0
piano_interval_perfect_fifth_C4.wav,piano,interval,perfect_fifth,C4,0.941183,0.013908,0.530091,0.39179444313049316,17.752456665039062,4.92,-0.06983236968517303,0.4168285131454468,6.02
piano_interval_perfect_fifth_E3.wav,piano,interval,perfect_fifth,E3,0.932879,0.022213,0.530091,-1.6648164987564087,59.99422073364258,4.76,-0.5321208238601685,0.09051178395748138,5.88
piano_interval_perfect_fifth_E4.wav,piano,interval,perfect_fifth,E4,0.944026,0.011065,0.530091,-0.6913819313049316,40.16365051269531,5.04,-0.20820945501327515,0.22348277270793915,5.98
piano_interval_perfect_fifth_G3.wav,piano,interval,perfect_fifth,G3,0.936459,0.018633,0.530091,-0.07444962859153748,58.077980041503906,4.645,0.23493437469005585,1.2398849725723267,5.8
piano_interval_perfect_fifth_G4.wav,piano,interval,perfect_fifth,G4,0.945709,0.009383,0.530091,1.4159650802612305,25.515470504760742,4.92,-0.4828948378562927,0.051585886627435684,5.98
piano_interval_perfect_fourth_C3.wav,piano,interval,perfect_fourth,C3,0.8623,0.047563,0.509864,-0.7065842151641846,68.33262634277344,4.76,-0.3894655406475067,2.198122024536133,5.74
piano_interval_perfect_fourth_C4.wav,piano,interval,perfect_fourth,C4,0.883332,0.026532,0.509864,0.38881030678749084,32.537654876708984,4.38,-0.29138147830963135,0.041175782680511475,5.82
piano_interval_perfect_fourth_E3.wav,piano,interval,perfect_fourth,E3,0.870459,0.039405,0.509864,-0.2055041491985321,14.861244201660156,4.68,-0.3966256082057953,0.08695622533559799,5.68
piano_interval_perfect_fourth_E4.wav,piano,interval,perfect_fourth,E4,0.888269,0.021594,0.509864,0.6358057260513306,75.82027435302734,4.72,0.12602800130844116,3.609947681427002,5.76
piano_interval_perfect_fourth_G3.wav,piano,interval,perfect_fourth,G3,0.875795,0.034068,0.509864,0.2782129645347595,43.222171783447266,4.86,0.0844777300953865,0.8443401455879211,5.44
piano_interval_perfect_fourth_G4.wav,piano,interval,perfect_fourth,G4,0.891413,0.018451,0.509864,2.365671396255493,55.87453079223633,4.82,0.1332697868347168,2.7201476097106934,5.84
piano_interval_tritone_C3.wav,piano,interval,tritone,C3,0.768403,0.054177,0.672581,-0.2506554424762726,12.527384757995605,4.72,-1.533408522605896,0.4400627911090851,4.22
piano_interval_tritone_C4.wav,piano,interval,tritone,C4,0.784836,0.037744,0.672581,-0.33255982398986816,43.99700927734375,4.98,-0.5184089541435242,2.1411731243133545,4.38
piano_interval_tritone_E3.wav,piano,interval,tritone,E3,0.774832,0.047749,0.672581,-0.924318790435791,91.84841918945312,4.53,-1.298692226409912,0.4556739330291748,4.2
piano_interval_tritone_E4.wav,piano,interval,tritone,E4,0.78877,0.033811,0.672581,-0.3422672748565674,58.935455322265625,4.525,-0.2712971270084381,0.6281372308731079,4.42
piano_interval_tritone_G3.wav,piano,interval,tritone,G3,0.77898,0.043601,0.672581,0.22480452060699463,49.928096771240234,4.36,-0.9622219800949097,0.30366456508636475,4.46
piano_interval_tritone_G4.wav,piano,interval,tritone,G4,0.791388,0.031193,0.672581,0.5163225531578064,4.957088470458984,4.86,-1.310595154762268,0.655555784702301,4.66
piano_interval_unison_C3.wav,piano,interval,unison,C3,0.810357,0.009804,0.345161,-1.0637117624282837,98.19583892822266,4.46,-1.5164271593093872,0.2704305946826935,5.46
piano_interval_unison_C4.wav,piano,interval,unison,C4,0.817036,0.003124,0.345161,-0.14866097271442413,26.23813819885254,4.28,-0.6062189340591431,1.902023196220398,5.66
piano_interval_unison_E3.wav,piano,interval,unison,E3,0.813277,0.006884,0.345161,-1.3714441061019897,58.041378021240234,4.57,-1.5515371561050415,0.1257525533437729,5.36
piano_interval_unison_E4.wav,piano,interval,unison,E4,0.818152,0.002009,0.345161,-0.48723405599594116,12.87870979309082,4.48,-0.5241310596466064,2.431826591491699,5.58
piano_interval_unison_G3.wav,piano,interval,unison,G3,0.814972,0.005189,0.345161,-0.8062189817428589,72.07698059082031,4.5,-0.8113535046577454,0.30207547545433044,5.58
piano_interval_unison_G4.wav,piano,interval,unison,G4,0.818752,0.001409,0.345161,0.4782140254974365,12.303878784179688,4.3,-0.12792810797691345,0.5446595549583435,5.7
sawtooth_chord_augmented_triad_C3.wav,sawtooth,chord,augmented_triad,C3,0.954683,0.070445,0.825127,0.29495054483413696,35.703182220458984,4.595,0.37510302662849426,4.401765823364258,5.06
sawtooth_chord_augmented_triad_C4.wav,sawtooth,chord,augmented_triad,C4,0.975944,0.049183,0.825127,0.5170257091522217,3.6758763790130615,5.1,0.726182758808136,0.3144633173942566,4.88
sawtooth_chord_augmented_triad_E3.wav,sawtooth,chord,augmented_triad,E3,0.96276,0.062367,0.825127,0.4187310039997101,32.57025909423828,4.48,1.432537317276001,10.197157859802246,4.895
sawtooth_chord_augmented_triad_E4.wav,sawtooth,chord,augmented_triad,E4,0.981253,0.043875,0.825127,1.0773075819015503,29.2369384765625,4.62,0.28420302271842957,0.7907551527023315,5.12
sawtooth_chord_augmented_triad_G3.wav,sawtooth,chord,augmented_triad,G3,0.968142,0.056985,0.825127,0.17656153440475464,60.35459518432617,4.74,1.4088828563690186,2.7915475368499756,4.72
sawtooth_chord_augmented_triad_G4.wav,sawtooth,chord,augmented_triad,G4,0.984763,0.040364,0.825127,0.5999187231063843,0.818889856338501,4.66,2.0292763710021973,67.88819885253906,4.9
sawtooth_chord_augmented_triad_inv1_C3.wav,sawtooth,inversion,augmented_triad_inv1,C3,0.91276,0.062367,0.825127,0.4232402741909027,13.769156455993652,4.96,1.5077574253082275,1.923518419265747,4.7
sawtooth_chord_augmented_triad_inv1_C4.wav,sawtooth,inversion,augmented_triad_inv1,C4,0.931253,0.043875,0.825127,1.34534752368927,31.044952392578125,4.58,0.26208972930908203,0.43952247500419617,5.1
sawtooth_chord_augmented_triad_inv1_G3.wav,sawtooth,inversion,augmented_triad_inv1,G3,0.924493,0.050635,0.825127,0.23958720266819,20.595733642578125,4.68,2.504831552505493,23.796689987182617,5.08
sawtooth_chord_augmented_triad_inv2_C3.wav,sawtooth,inversion,augmented_triad_inv2,C3,0.919815,0.055312,0.825127,0.46448493003845215,5.3743577003479,4.48,1.7990331649780273,2.1724812984466553,5.02
sawtooth_chord_augmented_triad_inv2_C4.wav,sawtooth,inversion,augmented_triad_inv2,C4,0.935853,0.039274,0.825127,1.2902758121490479,28.362171173095703,4.82,0.14166730642318726,2.118424892425537,5.24
sawtooth_chord_augmented_triad_inv2_G3.wav,sawtooth,inversion,augmented_triad_inv2,G3,0.929996,0.045131,0.825127,0.30925387144088745,42.34603500366211,4.79,0.6795924305915833,2.98891544342041,5.04
sawtooth_chord_diminished_7th_C3.wav,sawtooth,chord,diminished_7th,C3,1.012362,0.082271,0.869633,-0.17009258270263672,69.0379409790039,4.38,-1.756696105003357,0.33700239658355713,3.82
sawtooth_chord_diminished_7th_C4.wav,sawtooth,chord,diminished_7th,C4,1.038425,0.056208,0.869633,0.38744187355041504,28.08670425415039,4.58,-0.09893781691789627,1.0574597120285034,3.88
sawtooth_chord_diminished_7th_E3.wav,sawtooth,chord,diminished_7th,E3,1.021934,0.0727,0.869633,0.11816658824682236,52.131587982177734,4.9,-1.0492230653762817,4.7914299964904785,4.2
sawtooth_chord_diminished_7th_E4.wav,sawtooth,chord,diminished_7th,E4,1.04541,0.049223,0.869633,0.32618871331214905,46.29875946044922,4.76,1.7348377704620361,2.1418564319610596,4.42
sawtooth_chord_diminished_7th_G3.wav,sawtooth,chord,diminished_7th,G3,1.028524,0.066109,0.869633,0.030697379261255264,44.86601257324219,4.64,0.039912108331918716,24.785146713256836,4.02
sawtooth_chord_diminished_7th_G4.wav,sawtooth,chord,diminished_7th,G4,1.050129,0.044504,0.869633,0.644353985786438,0.5741146206855774,4.78,0.47980159521102905,0.6014736890792847,4.44
sawtooth_chord_diminished_triad_C3.wav,sawtooth,chord,diminished_triad,C3,0.87668,0.083494,0.685173,-0.5468132495880127,57.999107360839844,4.42,-1.3539166450500488,0.34761860966682434,4.3
sawtooth_chord_diminished_triad_C4.wav,sawtooth,chord,diminished_triad,C4,0.903316,0.056857,0.685173,-0.07244516909122467,51.21882247924805,4.56,-0.2876127064228058,0.9816769957542419,4.48
sawtooth_chord_diminished_triad_E3.wav,sawtooth,chord,diminished_triad,E3,0.88646,0.073714,0.685173,0.03993525728583336,26.91900634765625,4.62,0.020044278353452682,0.35414180159568787,4.28
sawtooth_chord_diminished_triad_E4.wav,sawtooth,chord,diminished_triad,E4,0.910462,0.049712,0.685173,0.45079943537712097,12.95162296295166,4.42,1.8130329847335815,2.6644365787506104,4.16
sawtooth_chord_diminished_triad_G3.wav,sawtooth,chord,diminished_triad,G3,0.893195,0.066978,0.685173,0.25328418612480164,7.691779136657715,4.46,-0.2898241877555847,19.328527450561523,4.32
sawtooth_chord_diminished_triad_G4.wav,sawtooth,chord,diminished_triad,G4,0.915295,0.044878,0.685173,0.6992243528366089,16.251388549804688,4.58,0.6238471865653992,1.0197583436965942,4.38
sawtooth_chord_diminished_triad_inv1_C3.wav,sawtooth,inversion,diminished_triad_inv1,C3,0.592103,0.066195,0.508297,0.11580801010131836,19.344764709472656,4.72,-1.092319369316101,0.4682745933532715,4.26
sawtooth_chord_diminished_triad_inv1_C4.wav,sawtooth,inversion,diminished_triad_inv1,C4,0.613534,0.044763,0.508297,0.5351564288139343,12.858222007751465,4.64,0.3128891587257385,1.6031265258789062,4.44
sawtooth_chord_diminished_triad_inv1_G3.wav,sawtooth,inversion,diminished_triad_inv1,G3,0.605457,0.05284,0.508297,0.2546464204788208,9.64129638671875,4.56,0.016553010791540146,0.20626436173915863,4.44
sawtooth_chord_diminished_triad_inv2_C3.wav,sawtooth,inversion,diminished_triad_inv2,C3,0.601495,0.056803,0.508297,-0.20786619186401367,14.558465957641602,4.34,0.16369423270225525,1.5770870447158813,4.34
sawtooth_chord_diminished_triad_inv2_C4.wav,sawtooth,inversion,diminished_triad_inv2,C4,0.620154,0.038143,0.508297,0.5671992897987366,0.5682149529457092,4.4,-0.06414740532636642,0.2910486161708832,4.46
sawtooth_chord_diminished_triad_inv2_G3.wav,sawtooth,inversion,diminished_triad_inv2,G3,0.613238,0.045059,0.508297,0.39485523104667664,54.96827697753906,4.525,0.37580540776252747,8.376152992248535,4.68
sawtooth_chord_dominant_7th_C3.wav,sawtooth,chord,dominant_7th,C3,0.877086,0.073882,0.550968,0.15942183136940002,62.42644500732422,4.56,-0.25943320989608765,7.615479469299316,4.76
sawtooth_chord_dominant_7th_C4.wav,sawtooth,chord,dominant_7th,C4,0.901533,0.049435,0.550968,0.4083256721496582,8.89832592010498,4.76,2.550229072570801,11.41868782043457,4.98
sawtooth_chord_dominant_7th_E3.wav,sawtooth,chord,dominant_7th,E3,0.886127,0.064841,0.550968,0.3541674017906189,30.410247802734375,4.72,-0.016172774136066437,4.304412364959717,4.68
sawtooth_chord_dominant_7th_E4.wav,sawtooth,chord,dominant_7th,E4,0.907987,0.042981,0.550968,0.7620920538902283,75.91427612304688,4.66,0.2944488227367401,12.750205993652344,5.02
sawtooth_chord_dominant_7th_G3.wav,sawtooth,chord,dominant_7th,G3,0.892311,0.058657,0.550968,0.20473825931549072,31.734655380249023,4.52,0.2688995897769928,0.5713874101638794,4.7
sawtooth_chord_dominant_7th_G4.wav,sawtooth,chord,dominant_7th,G4,0.912323,0.038645,0.550968,1.3552087545394897,1.3175864219665527,4.54,0.352500855922699,1.5004746913909912,5.0
sawtooth_chord_major_7th_C3.wav,sawtooth,chord,major_7th,C3,0.821712,0.066267,0.562979,-0.3538345694541931,131.2772674560547,4.87,0.3461816608905792,0.5013889074325562,5.2
sawtooth_chord_major_7th_C4.wav,sawtooth,chord,major_7th,C4,0.842069,0.04591,0.562979,0.4158034324645996,4.569633483886719,4.58,2.6673636436462402,36.032413482666016,5.7
sawtooth_chord_major_7th_E3.wav,sawtooth,chord,major_7th,E3,0.829405,0.058574,0.562979,0.2802962362766266,7.394119739532471,4.51,1.6735416650772095,10.878767013549805,5.425
sawtooth_chord_major_7th_E4.wav,sawtooth,chord,major_7th,E4,0.847209,0.04077,0.562979,0.5698176622390747,1.7163132429122925,4.625,0.5209242105484009,1.163090467453003,5.44
sawtooth_chord_major_7th_G3.wav,sawtooth,chord,major_7th,G3,0.834557,0.053422,0.562979,0.38785839080810547,5.315072536468506,4.7,1.9468718767166138,8.718993186950684,5.58
sawtooth_chord_major_7th_G4.wav,sawtooth,chord,major_7th,G4,0.850614,0.037365,0.562979,1.3111218214035034,7.52556848526001,4.96,0.49754127860069275,0.33354872465133667,5.66
sawtooth_chord_major_triad_C3.wav,sawtooth,chord,major_triad,C3,0.942629,0.064445,0.532074,-0.2660340666770935,160.1654052734375,5.02,0.6030577421188354,6.064582824707031,5.28
sawtooth_chord_major_triad_C4.wav,sawtooth,chord,major_triad,C4,0.965974,0.041099,0.532074,1.944602608680725,36.67930221557617,4.4,0.6712914109230042,1.0164026021957397,5.44
sawtooth_chord_major_triad_E3.wav,sawtooth,chord,major_triad,E3,0.951482,0.055591,0.532074,0.042533401399850845,130.89859008789062,4.74,0.6020644307136536,0.8660343289375305,5.42
sawtooth_chord_major_triad_E4.wav,sawtooth,chord,major_triad,E4,0.971743,0.035331,0.532074,1.3947666883468628,115.34494018554688,4.76,0.6500251293182373,1.0536634922027588,5.42
sawtooth_chord_major_triad_G3.wav,sawtooth,chord,major_triad,G3,0.957403,0.049671,0.532074,0.5667052268981934,0.1676257699728012,4.64,0.7366266250610352,0.9550562500953674,5.54
sawtooth_chord_major_triad_G4.wav,sawtooth,chord,major_triad,G4,0.975487,0.031587,0.532074,1.4695653915405273,112.01957702636719,4.5,0.3858138918876648,0.3495485782623291,5.68
sawtooth_chord_major_triad_inv1_C3.wav,sawtooth,inversion,major_triad_inv1,C3,0.585982,0.062966,0.498948,0.5630576610565186,0.21511134505271912,4.6,0.1822306364774704,0.8743476867675781,5.84
sawtooth_chord_major_triad_inv1_C4.wav,sawtooth,inversion,major_triad_inv1,C4,0.60673,0.042219,0.498948,2.1178863048553467,15.27739143371582,4.56,0.6366862654685974,1.2994941473007202,5.6
sawtooth_chord_major_triad_inv1_G3.wav,sawtooth,inversion,major_triad_inv1,G3,0.598971,0.049977,0.498948,0.2382441759109497,45.744789123535156,4.64,2.6959824562072754,9.089142799377441,5.6
sawtooth_chord_major_triad_inv2_C3.wav,sawtooth,inversion,major_triad_inv2,C3,0.591736,0.046713,0.488448,0.5678749680519104,79.38645935058594,4.68,1.9583344459533691,1.7623109817504883,5.78
sawtooth_chord_major_triad_inv2_C4.wav,sawtooth,inversion,major_triad_inv2,C4,0.608735,0.029713,0.488448,2.3630661964416504,22.07520866394043,4.68,1.27113938331604,2.1541619300842285,5.68
sawtooth_chord_major_triad_inv2_G3.wav,sawtooth,inversion,major_triad_inv2,G3,0.602602,0.035846,0.488448,0.4450599253177643,38.82997512817383,4.58,0.7076792120933533,0.9885936975479126,5.5
sawtooth_chord_minor_7th_C3.wav,sawtooth,chord,minor_7th,C3,0.872114,0.068165,0.565279,-0.1771957129240036,46.592140197753906,4.4,0.3571065664291382,2.953033447265625,4.8
sawtooth_chord_minor_7th_C4.wav,sawtooth,chord,minor_7th,C4,0.896046,0.044233,0.565279,0.36334750056266785,0.5100276470184326,4.7,2.687952995300293,7.294339179992676,4.98
sawtooth_chord_minor_7th_E3.wav,sawtooth,chord,minor_7th,E3,0.881022,0.059256,0.565279,0.4447372555732727,34.524417877197266,4.38,0.474944531917572,0.7144401669502258,4.76
sawtooth_chord_minor_7th_E4.wav,sawtooth,chord,minor_7th,E4,0.902245,0.038034,0.565279,1.3411110639572144,182.79177856445312,4.585,2.127178430557251,26.631013870239258,4.84
sawtooth_chord_minor_7th_G3.wav,sawtooth,chord,minor_7th,G3,0.887082,0.053197,0.565279,0.028433188796043396,33.51389694213867,4.36,0.6292179226875305,0.672950267791748,4.88
sawtooth_chord_minor_7th_G4.wav,sawtooth,chord,minor_7th,G4,0.906358,0.03392,0.565279,1.4242708683013916,16.936100006103516,4.26,0.9593098163604736,5.772631645202637,4.92
sawtooth_chord_minor_triad_C3.wav,sawtooth,chord,minor_triad,C3,0.916262,0.065812,0.532074,-0.028850404545664787,45.8237190246582,4.32,-0.009898261167109013,2.566577911376953,5.04
sawtooth_chord_minor_triad_C4.wav,sawtooth,chord,minor_triad,C4,0.939697,0.042377,0.532074,0.3313397765159607,13.15279769897461,4.52,0.4871214032173157,1.295339822769165,5.16
sawtooth_chord_minor_triad_E3.wav,sawtooth,chord,minor_triad,E3,0.925116,0.056957,0.532074,0.05297178402543068,101.25232696533203,4.5,0.13279122114181519,0.8345144987106323,4.8
sawtooth_chord_minor_triad_E4.wav,sawtooth,chord,minor_triad,E4,0.945554,0.03652,0.532074,0.4578362703323364,23.105377197265625,4.44,0.6328343749046326,0.6515378355979919,5.06
sawtooth_chord_minor_triad_G3.wav,sawtooth,chord,minor_triad,G3,0.931056,0.051017,0.532074,0.6208882927894592,20.830829620361328,4.56,1.7345610857009888,1.737769365310669,4.98
sawtooth_chord_minor_triad_G4.wav,sawtooth,chord,minor_triad,G4,0.94938,0.032694,0.532074,1.320400595664978,57.19801712036133,4.32,0.43773117661476135,4.170264720916748,5.18
sawtooth_chord_minor_triad_inv1_C3.wav,sawtooth,inversion,minor_triad_inv1,C3,0.583413,0.055035,0.488448,0.3960343897342682,34.99506759643555,4.18,0.22415000200271606,2.669422149658203,5.12
sawtooth_chord_minor_triad_inv1_C4.wav,sawtooth,inversion,minor_triad_inv1,C4,0.603456,0.034993,0.488448,1.4860234260559082,36.07840347290039,4.46,0.2985953092575073,1.1837670803070068,5.14
sawtooth_chord_minor_triad_inv1_G3.wav,sawtooth,inversion,minor_triad_inv1,G3,0.596142,0.042307,0.488448,0.6133984923362732,36.85096740722656,4.5,0.5641584396362305,0.19506952166557312,5.1
sawtooth_chord_minor_triad_inv2_C3.wav,sawtooth,inversion,minor_triad_inv2,C3,0.594067,0.054881,0.498948,-0.12538616359233856,10.106191635131836,4.6,0.5317823886871338,0.6117687225341797,5.36
sawtooth_chord_minor_triad_inv2_C4.wav,sawtooth,inversion,minor_triad_inv2,C4,0.612506,0.036442,0.498948,1.329602837562561,18.81585693359375,4.36,0.19424638152122498,0.22492754459381104,5.46
sawtooth_chord_minor_triad_inv2_G3.wav,sawtooth,inversion,minor_triad_inv2,G3,0.605681,0.043267,0.498948,0.4096646010875702,49.35325241088867,4.52,0.7859137058258057,2.7107720375061035,4.94
sawtooth_interval_major_second_C3.wav,sawtooth,interval,major_second,C3,0.66355,0.100068,0.513618,-0.6084821820259094,25.628406524658203,4.365,-2.265784740447998,0.15634404122829437,4.56
sawtooth_interval_major_second_C4.wav,sawtooth,interval,major_second,C4,0.691773,0.071845,0.513618,-0.4185388684272766,151.57830810546875,4.275,-0.06384925544261932,4.231852054595947,4.9
sawtooth_interval_major_second_E3.wav,sawtooth,interval,major_second,E3,0.673287,0.090331,0.513618,-1.1427088975906372,66.30953979492188,4.56,-1.130280613899231,0.32819995284080505,4.9
sawtooth_interval_major_second_E4.wav,sawtooth,interval,major_second,E4,0.700488,0.06313,0.513618,-0.2472287118434906,132.28790283203125,4.32,-0.023225802928209305,4.196873188018799,4.68
sawtooth_interval_major_second_G3.wav,sawtooth,interval,major_second,G3,0.680374,0.083244,0.513618,-0.09159740805625916,16.672046661376953,4.6,-0.41412314772605896,0.4513658285140991,4.72
sawtooth_interval_major_second_G4.wav,sawtooth,interval,major_second,G4,0.706759,0.056859,0.513618,1.4799284934997559,6.851498603820801,4.42,-0.025490714237093925,3.053070068359375,4.84
sawtooth_interval_major_seventh_C3.wav,sawtooth,interval,major_seventh,C3,0.608956,0.066048,0.500003,-1.3286972045898438,116.1546859741211,4.76,-1.576996922492981,0.5912114977836609,4.82
sawtooth_interval_major_seventh_C4.wav,sawtooth,interval,major_seventh,C4,0.619333,0.055671,0.500003,-0.9543392062187195,36.87866973876953,4.67,-0.7838571667671204,3.6633896827697754,5.1
sawtooth_interval_major_seventh_E3.wav,sawtooth,interval,major_seventh,E3,0.61268,0.062324,0.500003,-0.5307667255401611,32.853271484375,4.72,-1.1022907495498657,1.1643990278244019,4.98
sawtooth_interval_major_seventh_E4.wav,sawtooth,interval,major_seventh,E4,0.622499,0.052504,0.500003,-0.027106644585728645,51.79718780517578,4.795,-1.3048471212387085,4.346734046936035,5.18
sawtooth_interval_major_seventh_G3.wav,sawtooth,interval,major_seventh,G3,0.615263,0.059741,0.500003,0.262382835149765,34.636348724365234,4.96,-1.2088063955307007,2.1554343700408936,4.92
sawtooth_interval_major_seventh_G4.wav,sawtooth,interval,major_seventh,G4,0.624878,0.050125,0.500003,0.46808141469955444,23.874454498291016,4.56,-1.2918545007705688,0.08914527297019958,4.9
sawtooth_interval_major_sixth_C3.wav,sawtooth,interval,major_sixth,C3,0.794926,0.047135,0.517061,0.3999338448047638,12.201213836669922,4.66,0.2855544984340668,0.9832385778427124,5.12
sawtooth_interval_major_sixth_C4.wav,sawtooth,interval,major_sixth,C4,0.812676,0.029385,0.517061,1.3937591314315796,46.74184036254883,4.72,0.25051531195640564,0.015721911564469337,5.18
sawtooth_interval_major_sixth_E3.wav,sawtooth,interval,major_sixth,E3,0.801663,0.040398,0.517061,0.33639031648635864,14.274190902709961,4.57,-0.4464282691478729,1.9317951202392578,4.75
sawtooth_interval_major_sixth_E4.wav,sawtooth,interval,major_sixth,E4,0.817048,0.025013,0.517061,0.5657728910446167,0.26938873529434204,4.54,-0.18873651325702667,0.4227621555328369,5.0
sawtooth_interval_major_sixth_G3.wav,sawtooth,interval,major_sixth,G3,0.806163,0.035898,0.517061,0.31482404470443726,14.338377952575684,4.5,0.3521106243133545,1.838464379310608,4.94
sawtooth_interval_major_sixth_G4.wav,sawtooth,interval,major_sixth,G4,0.819868,0.022193,0.517061,2.5797204971313477,65.4867172241211,4.68,0.07519165426492691,0.352623850107193,5.32
sawtooth_interval_major_third_C3.wav,sawtooth,interval,major_third,C3,0.826821,0.061694,0.513514,-0.33977046608924866,45.20121765136719,4.7,-0.018492525443434715,1.1330310106277466,5.02
sawtooth_interval_major_third_C4.wav,sawtooth,interval,major_third,C4,0.848174,0.04034,0.513514,-0.0064927758648991585,30.44400978088379,4.58,0.23066693544387817,1.0280271768569946,4.76
sawtooth_interval_major_third_E3.wav,sawtooth,interval,major_third,E3,0.835033,0.053481,0.513514,0.0896262526512146,70.80180358886719,4.4,0.4337861239910126,4.570472717285156,4.845
sawtooth_interval_major_third_E4.wav,sawtooth,interval,major_third,E4,0.853291,0.035224,0.513514,0.47654616832733154,59.48432540893555,4.67,0.07793194055557251,4.37905216217041,5.32
sawtooth_interval_major_third_G3.wav,sawtooth,interval,major_third,G3,0.840451,0.048064,0.513514,-0.6407572031021118,48.83000564575195,4.58,0.4395276606082916,0.37570858001708984,4.84
sawtooth_interval_major_third_G4.wav,sawtooth,interval,major_third,G4,0.85658,0.031935,0.513514,0.4397944211959839,3.571754217147827,4.54,0.07588586956262589,0.33306002616882324,5.18
sawtooth_interval_minor_second_C3.wav,sawtooth,interval,minor_second,C3,0.466638,0.114686,0.456323,-1.1293113231658936,110.65001678466797,4.32,-2.6556930541992188,0.11419583857059479,4.3
sawtooth_interval_minor_second_C4.wav,sawtooth,interval,minor_second,C4,0.478296,0.103027,0.456323,-0.7132207155227661,55.05293655395508,4.33,-2.1720407009124756,0.12391432374715805,3.84
sawtooth_interval_minor_second_E3.wav,sawtooth,interval,minor_second,E3,0.470675,0.110649,0.456323,-0.5376294851303101,79.54283905029297,4.18,-2.721038341522217,0.10584355145692825,4.0
sawtooth_interval_minor_second_E4.wav,sawtooth,interval,minor_second,E4,0.482201,0.099122,0.456323,-0.37314119935035706,4.827759742736816,4.12,-1.6387735605239868,0.1534406840801239,3.62
sawtooth_interval_minor_second_G3.wav,sawtooth,interval,minor_second,G3,0.473556,0.107768,0.456323,-0.04973917454481125,63.805057525634766,4.1,-2.4456839561462402,0.1090015396475792,4.08
sawtooth_interval_minor_second_G4.wav,sawtooth,interval,minor_second,G4,0.485277,0.096046,0.456323,0.009476264007389545,32.68773651123047,4.6,-1.8910349607467651,0.393695592880249,4.04
sawtooth_interval_minor_seventh_C3.wav,sawtooth,interval,minor_seventh,C3,0.665802,0.059201,0.500003,-0.990134596824646,51.771324157714844,4.42,-0.8472313284873962,5.075958728790283,4.82
sawtooth_interval_minor_seventh_C4.wav,sawtooth,interval,minor_seventh,C4,0.685161,0.039842,0.500003,-0.2234189659357071,91.06731414794922,4.34,-0.04075277969241142,0.14333178102970123,4.68
sawtooth_interval_minor_seventh_E3.wav,sawtooth,interval,minor_seventh,E3,0.67272,0.052283,0.500003,-0.058650627732276917,50.898433685302734,4.28,-0.31432509422302246,0.4751141369342804,4.58
sawtooth_interval_minor_seventh_E4.wav,sawtooth,interval,minor_seventh,E4,0.690732,0.034271,0.500003,0.3824187219142914,8.128164291381836,4.58,-0.3391345739364624,8.952282905578613,4.8
sawtooth_interval_minor_seventh_G3.wav,sawtooth,interval,minor_seventh,G3,0.677594,0.047409,0.500003,-0.5980359315872192,48.57145690917969,4.64,-0.3005349636077881,1.3456133604049683,4.8
sawtooth_interval_minor_seventh_G4.wav,sawtooth,interval,minor_seventh,G4,0.694629,0.030375,0.500003,1.409787654876709,1.8803355693817139,4.52,-0.45002976059913635,3.8319504261016846,5.02
sawtooth_interval_minor_sixth_C3.wav,sawtooth,interval,minor_sixth,C3,0.746616,0.055872,0.527488,-0.155117467045784,88.89242553710938,4.62,-0.12659361958503723,0.8566080927848816,4.86
sawtooth_interval_minor_sixth_C4.wav,sawtooth,interval,minor_sixth,C4,0.761427,0.041061,0.527488,0.3957972824573517,37.977745056152344,4.52,-0.2576367259025574,0.9281420111656189,5.02
sawtooth_interval_minor_sixth_E3.wav,sawtooth,interval,minor_sixth,E3,0.752288,0.0502,0.527488,0.6054785847663879,2.3086681365966797,4.5,-0.7656427621841431,0.6105272769927979,4.48
sawtooth_interval_minor_sixth_E4.wav,sawtooth,interval,minor_sixth,E4,0.765181,0.037307,0.527488,1.334714651107788,53.488075256347656,4.5,0.0051054572686553,1.0623178482055664,4.76
sawtooth_interval_minor_sixth_G3.wav,sawtooth,interval,minor_sixth,G3,0.756019,0.046469,0.527488,0.233603373169899,13.396231651306152,4.505,-0.296121209859848,1.595617413520813,4.74
sawtooth_interval_minor_sixth_G4.wav,sawtooth,interval,minor_sixth,G4,0.767745,0.034743,0.527488,0.5430771112442017,14.025676727294922,4.64,-0.21705089509487152,0.03635440766811371,4.68
sawtooth_interval_minor_third_C3.wav,sawtooth,interval,minor_third,C3,0.783281,0.075126,0.508407,-0.8579553961753845,38.393367767333984,4.475,-0.7003322839736938,0.2173999398946762,4.82
sawtooth_interval_minor_third_C4.wav,sawtooth,interval,minor_third,C4,0.809553,0.048854,0.508407,-0.7240940928459167,28.39076805114746,4.62,-0.1750025749206543,0.6809654235839844,4.72
sawtooth_interval_minor_third_E3.wav,sawtooth,interval,minor_third,E3,0.792941,0.065466,0.508407,-0.7044197916984558,115.28654479980469,4.19,0.40836700797080994,1.7147374153137207,4.86
sawtooth_interval_minor_third_E4.wav,sawtooth,interval,minor_third,E4,0.816526,0.041881,0.508407,0.578769862651825,101.22261047363281,4.4,0.378112256526947,0.3438222110271454,4.74
sawtooth_interval_minor_third_G3.wav,sawtooth,interval,minor_third,G3,0.799591,0.058815,0.508407,-0.26759281754493713,40.59196090698242,4.14,0.5220137238502502,0.27535995841026306,5.04
sawtooth_interval_minor_third_G4.wav,sawtooth,interval,minor_third,G4,0.821189,0.037218,0.508407,0.2073708027601242,49.752254486083984,4.48,0.45168179273605347,0.29516759514808655,4.94
sawtooth_interval_octave_C3.wav,sawtooth,interval,octave,C3,1.155144,0.009078,0.714222,0.16853727400302887,21.060344696044922,4.29,-0.5546212196350098,0.23915214836597443,4.92
sawtooth_interval_octave_C4.wav,sawtooth,interval,octave,C4,1.161346,0.002875,0.714222,1.2337566614151,0.13974468410015106,4.36,-0.4876389801502228,1.363024115562439,4.82
sawtooth_interval_octave_E3.wav,sawtooth,interval,octave,E3,1.157858,0.006364,0.714222,-0.9070843458175659,81.78477478027344,4.705,-0.5524033308029175,1.666123867034912,4.9
sawtooth_interval_octave_E4.wav,sawtooth,interval,octave,E4,1.162378,0.001843,0.714222,-0.250786691904068,26.341665267944336,4.46,-0.6446077823638916,0.1889098882675171,5.16
sawtooth_interval_octave_G3.wav,sawtooth,interval,octave,G3,1.159432,0.00479,0.714222,0.6845563650131226,67.19184112548828,4.58,-0.2443501502275467,0.8793518543243408,5.08
sawtooth_interval_octave_G4.wav,sawtooth,interval,octave,G4,1.162931,0.001291,0.714222,1.6191997528076172,66.29922485351562,4.44,-0.5405301451683044,0.060708221048116684,5.06
sawtooth_interval_perfect_fifth_C3.wav,sawtooth,interval,perfect_fifth,C3,0.955967,0.030089,0.561057,0.1598692685365677,118.86516571044922,4.64,0.18221963942050934,0.7729902863502502,5.54
sawtooth_interval_perfect_fifth_C4.wav,sawtooth,interval,perfect_fifth,C4,0.970404,0.015653,0.561057,0.7094080448150635,26.97248077392578,4.695,-0.03770916163921356,2.2206757068634033,5.36
sawtooth_interval_perfect_fifth_E3.wav,sawtooth,interval,perfect_fifth,E3,0.961822,0.024235,0.561057,-1.2160701751708984,41.293277740478516,4.86,-0.32164591550827026,0.13829512894153595,5.32
sawtooth_interval_perfect_fifth_E4.wav,sawtooth,interval,perfect_fifth,E4,0.973425,0.012632,0.561057,-0.3246370255947113,86.43106842041016,4.66,-0.22012002766132355,0.8855805397033691,5.42
sawtooth_interval_perfect_fifth_G3.wav,sawtooth,interval,perfect_fifth,G3,0.965488,0.020569,0.561057,0.3538464307785034,18.57276153564453,4.66,0.18861517310142517,1.5890287160873413,5.46
sawtooth_interval_perfect_fifth_G4.wav,sawtooth,interval,perfect_fifth,G4,0.975247,0.01081,0.561057,1.5242305994033813,9.654239654541016,4.68,-0.9284984469413757,7.378294467926025,5.4
sawtooth_interval_perfect_fourth_C3.wav,sawtooth,interval,perfect_fourth,C3,0.877316,0.049038,0.526353,-0.37273865938186646,98.29358673095703,4.46,-0.2396821826696396,0.18792793154716492,5.38
sawtooth_interval_perfect_fourth_C4.wav,sawtooth,interval,perfect_fourth,C4,0.897786,0.028567,0.526353,0.4534330666065216,24.138267517089844,4.655,-0.2557244598865509,6.0429768562316895,5.46
sawtooth_interval_perfect_fourth_E3.wav,sawtooth,interval,perfect_fourth,E3,0.885205,0.041148,0.526353,0.11956434696912766,56.41593933105469,4.465,-0.1725497990846634,0.11346375942230225,5.38
sawtooth_interval_perfect_fourth_E4.wav,sawtooth,interval,perfect_fourth,E4,0.9027,0.023653,0.526353,1.3707380294799805,77.54988098144531,4.68,0.1361084133386612,4.90565299987793,5.4
sawtooth_interval_perfect_fourth_G3.wav,sawtooth,interval,perfect_fourth,G3,0.890393,0.035961,0.526353,0.46779865026474,15.08346939086914,4.38,0.023399733006954193,0.31965088844299316,5.18
sawtooth_interval_perfect_fourth_G4.wav,sawtooth,interval,perfect_fourth,G4,0.905874,0.02048,0.526353,2.2069039344787598,21.86095428466797,4.41,-0.07173839956521988,0.02804863639175892,5.52
sawtooth_interval_tritone_C3.wav,sawtooth,interval,tritone,C3,0.819136,0.059026,0.728162,-0.2665509879589081,118.2679672241211,4.3,-1.5939146280288696,0.5665887594223022,3.76
sawtooth_interval_tritone_C4.wav,sawtooth,interval,tritone,C4,0.835882,0.04228,0.728162,-0.5394375920295715,71.27246856689453,4.24,-0.8256528973579407,0.7114176750183105,4.1
sawtooth_interval_tritone_E3.wav,sawtooth,interval,tritone,E3,0.825572,0.052591,0.728162,-0.6704619526863098,70.91043853759766,4.205,-1.3653521537780762,0.05572368577122688,4.14
sawtooth_interval_tritone_E4.wav,sawtooth,interval,tritone,E4,0.840084,0.038078,0.728162,0.042545489966869354,83.47622680664062,4.68,-0.4667479991912842,0.06715695559978485,4.02
sawtooth_interval_tritone_G3.wav,sawtooth,interval,tritone,G3,0.829792,0.04837,0.728162,0.32824862003326416,15.188692092895508,4.5,-1.109683871269226,0.3266289234161377,3.76
sawtooth_interval_tritone_G4.wav,sawtooth,interval,tritone,G4,0.84294,0.035222,0.728162,0.6180229783058167,7.544458866119385,4.44,-1.5874119997024536,0.3945070505142212,3.94
sawtooth_interval_unison_C3.wav,sawtooth,interval,unison,C3,0.918308,0.013015,0.456323,-0.8637480139732361,68.379150390625,4.44,-1.4736192226409912,0.13679246604442596,4.72
sawtooth_interval_unison_C4.wav,sawtooth,interval,unison,C4,0.927035,0.004289,0.456323,-0.07160357385873795,28.500099182128906,4.74,-0.5040467381477356,0.7083210349082947,5.04
sawtooth_interval_unison_E3.wav,sawtooth,interval,unison,E3,0.922075,0.009248,0.456323,-1.4278324842453003,36.1922492980957,4.48,-1.5181432962417603,0.1685667335987091,4.78
sawtooth_interval_unison_E4.wav,sawtooth,interval,unison,E4,0.92854,0.002784,0.456323,-0.39550814032554626,24.580650329589844,4.46,-0.5977069139480591,1.748677372932434,4.965
sawtooth_interval_unison_G3.wav,sawtooth,interval,unison,G3,0.924293,0.007031,0.456323,-0.45722541213035583,75.60191345214844,4.515,-0.8547887802124023,0.24973076581954956,4.98
sawtooth_interval_unison_G4.wav,sawtooth,interval,unison,G4,0.929357,0.001966,0.456323,0.867203414440155,23.13514518737793,4.415,-0.2803151607513428,0.16169780492782593,5.04
sine_chord_augmented_triad_C3.wav,sine,chord,augmented_triad,C3,0.620165,0.246502,0.666667,-1.465157151222229,49.0471305847168,4.73,-1.8344568014144897,0.15993715822696686,5.18
sine_chord_augmented_triad_C4.wav,sine,chord,augmented_triad,C4,0.738869,0.127798,0.666667,-1.3442349433898926,87.99710845947266,4.52,-0.5899264216423035,1.3730928897857666,5.3
sine_chord_augmented_triad_E3.wav,sine,chord,augmented_triad,E3,0.664329,0.202338,0.666667,-1.3858833312988281,44.628639221191406,4.86,-1.0726265907287598,3.496732473373413,5.14
sine_chord_augmented_triad_E4.wav,sine,chord,augmented_triad,E4,0.768739,0.097927,0.666667,-1.3180967569351196,182.7018585205078,4.7333,-0.04212602227926254,3.6451480388641357,5.48
sine_chord_augmented_triad_G3.wav,sine,chord,augmented_triad,G3,0.694533,0.172134,0.666667,-1.6113327741622925,16.036264419555664,4.72,-0.3211476802825928,6.242847442626953,5.16
sine_chord_augmented_triad_G4.wav,sine,chord,augmented_triad,G4,0.787884,0.078783,0.666667,-1.4528756141662598,18.309890747070312,4.98,0.30568650364875793,1.0217269659042358,5.44
sine_chord_augmented_triad_inv1_C3.wav,sine,inversion,augmented_triad_inv1,C3,0.614329,0.202338,0.666667,-1.454799771308899,88.39130401611328,4.26,-1.0969438552856445,1.4805986881256104,5.32
sine_chord_augmented_triad_inv1_C4.wav,sine,inversion,augmented_triad_inv1,C4,0.718739,0.097927,0.666667,-1.3289446830749512,56.693485260009766,4.64,-0.04676200821995735,10.383021354675293,5.44
sine_chord_augmented_triad_inv1_G3.wav,sine,inversion,augmented_triad_inv1,G3,0.680619,0.136048,0.666667,-1.2429969310760498,47.03384780883789,4.66,0.3863059878349304,8.80067253112793,5.38
sine_chord_augmented_triad_inv2_C3.wav,sine,inversion,augmented_triad_inv2,C3,0.654012,0.162655,0.666667,-1.281983494758606,50.70546340942383,4.725,-1.0769627094268799,10.1566743850708,5.16
sine_chord_augmented_triad_inv2_C4.wav,sine,inversion,augmented_triad_inv2,C4,0.743658,0.073009,0.666667,-0.7296456098556519,97.29362487792969,4.64,-0.013251655735075474,1.1199061870574951,5.24
sine_chord_augmented_triad_inv2_G3.wav,sine,inversion,augmented_triad_inv2,G3,0.711741,0.104926,0.666667,-1.448051929473877,97.53854370117188,4.61,-0.1535368263721466,2.0096092224121094,5.5
sine_chord_diminished_7th_C3.wav,sine,chord,diminished_7th,C3,0.646604,0.328396,0.75,-1.5019863843917847,35.48652267456055,4.61,-2.0663702487945557,0.13258163630962372,3.98
sine_chord_diminished_7th_C4.wav,sine,chord,diminished_7th,C4,0.771815,0.203185,0.75,-1.3256003856658936,72.49851989746094,4.76,-0.20028257369995117,1.2427321672439575,4.16
sine_chord_diminished_7th_E3.wav,sine,chord,diminished_7th,E3,0.690985,0.284015,0.75,-0.9449402093887329,31.93260383605957,4.645,-1.4725130796432495,0.32116255164146423,4.06
sine_chord_diminished_7th_E4.wav,sine,chord,diminished_7th,E4,0.807441,0.167559,0.75,-1.5063493251800537,0.30354955792427063,4.66,-0.28080010414123535,1.905149221420288,4.2
sine_chord_diminished_7th_G3.wav,sine,chord,diminished_7th,G3,0.722658,0.252342,0.75,-1.1532899141311646,109.55864715576172,4.71,-0.16930733621120453,1.1389740705490112,4.08
sine_chord_diminished_7th_G4.wav,sine,chord,diminished_7th,G4,0.831802,0.143198,0.75,-1.4027646780014038,99.16304779052734,4.76,-0.42682403326034546,1.7092682123184204,4.22
sine_chord_diminished_triad_C3.wav,sine,chord,diminished_triad,C3,0.497786,0.443881,0.666667,-1.6735848188400269,32.99158477783203,4.66,-2.078312873840332,0.33315226435661316,4.28
sine_chord_diminished_triad_C4.wav,sine,chord,diminished_triad,C4,0.657421,0.284245,0.666667,-1.376359224319458,47.54521560668945,4.495,0.059167925268411636,2.555086135864258,4.38
sine_chord_diminished_triad_E3.wav,sine,chord,diminished_triad,E3,0.55311,0.388557,0.666667,-1.1826013326644897,11.846460342407227,4.48,-1.4221622943878174,0.17490221560001373,4.24
sine_chord_diminished_triad_E4.wav,sine,chord,diminished_triad,E4,0.704792,0.236875,0.666667,-1.6408846378326416,38.23789596557617,4.425,-0.21275241672992706,4.590548992156982,4.52
sine_chord_diminished_triad_G3.wav,sine,chord,diminished_triad,G3,0.593452,0.348214,0.666667,-1.1440305709838867,139.42762756347656,4.57,-0.5628529787063599,4.721392631530762,4.3
sine_chord_diminished_triad_G4.wav,sine,chord,diminished_triad,G4,0.737671,0.203996,0.666667,-1.453152060508728,58.96013641357422,4.5867,-0.38485732674598694,1.573905110359192,4.52
sine_chord_diminished_triad_inv1_C3.wav,sine,inversion,diminished_triad_inv1,C3,0.261921,0.221412,0.333333,-1.3161848783493042,81.58180236816406,4.78,-1.3678652048110962,0.6596872806549072,4.44
sine_chord_diminished_triad_inv1_C4.wav,sine,inversion,diminished_triad_inv1,C4,0.348606,0.134727,0.333333,-1.0863701105117798,53.73490524291992,4.64,-0.025395693257451057,0.2919106185436249,4.44
sine_chord_diminished_triad_inv1_G3.wav,sine,inversion,diminished_triad_inv1,G3,0.315156,0.168177,0.333333,-1.234281301498413,93.70828247070312,4.62,0.2098834365606308,3.6058754920959473,4.46
sine_chord_diminished_triad_inv2_C3.wav,sine,inversion,diminished_triad_inv2,C3,0.313704,0.16963,0.333333,-1.4584412574768066,81.61449432373047,4.82,-0.6644164323806763,0.04334963858127594,4.48
sine_chord_diminished_triad_inv2_C4.wav,sine,inversion,diminished_triad_inv2,C4,0.393679,0.089654,0.333333,-1.236895203590393,31.18014144897461,4.72,-0.19437910616397858,0.5829450488090515,4.48
sine_chord_diminished_triad_inv2_G3.wav,sine,inversion,diminished_triad_inv2,G3,0.364083,0.11925,0.333333,-1.3949642181396484,61.807594299316406,4.46,-0.05069948732852936,16.301790237426758,4.8
sine_chord_dominant_7th_C3.wav,sine,chord,dominant_7th,C3,0.630195,0.269809,0.500004,-1.3833810091018677,29.34334373474121,4.76,-1.8396894931793213,3.1372294425964355,4.48
sine_chord_dominant_7th_C4.wav,sine,chord,dominant_7th,C4,0.74332,0.156683,0.500004,-1.458886742591858,99.28730010986328,4.68,-0.19260220229625702,0.552171528339386,4.86
sine_chord_dominant_7th_E3.wav,sine,chord,dominant_7th,E3,0.671149,0.228855,0.500004,-1.2993090152740479,22.51923370361328,4.94,-0.7565937042236328,1.5492134094238281,4.52
sine_chord_dominant_7th_E4.wav,sine,chord,dominant_7th,E4,0.773955,0.126049,0.500004,-1.3596781492233276,86.1714859008789,4.74,-0.655857264995575,0.4586218595504761,4.74
sine_chord_dominant_7th_G3.wav,sine,chord,dominant_7th,G3,0.699829,0.200175,0.500004,-1.3397703170776367,74.03385162353516,5.16,-0.13801175355911255,25.13800048828125,4.54
sine_chord_dominant_7th_G4.wav,sine,chord,dominant_7th,G4,0.794403,0.105601,0.500004,-0.8827677965164185,64.26699829101562,4.68,-0.5839450359344482,0.24000509083271027,4.78
sine_chord_major_7th_C3.wav,sine,chord,major_7th,C3,0.602517,0.222487,0.500004,-1.3724616765975952,95.61756896972656,4.78,-1.6161777973175049,0.5387200713157654,5.6
sine_chord_major_7th_C4.wav,sine,chord,major_7th,C4,0.701904,0.123099,0.500004,-1.4550920724868774,14.744349479675293,4.895,0.1458149552345276,1.0617507696151733,5.82
sine_chord_major_7th_E3.wav,sine,chord,major_7th,E3,0.639208,0.185796,0.500004,-1.3760849237442017,39.96833038330078,4.97,-0.7258941531181335,2.001680850982666,5.6
sine_chord_major_7th_E4.wav,sine,chord,major_7th,E4,0.727641,0.097363,0.500004,-1.3482255935668945,136.38099670410156,4.74,-0.10127431899309158,1.083428144454956,5.74
sine_chord_major_7th_G3.wav,sine,chord,major_7th,G3,0.664441,0.160562,0.500004,-1.2525813579559326,39.4180793762207,4.66,0.45610445737838745,0.5172504186630249,5.62
sine_chord_major_7th_G4.wav,sine,chord,major_7th,G4,0.74448,0.080524,0.500004,-0.48519524931907654,48.821353912353516,4.8,0.016213638707995415,0.596994161605835,5.88
sine_chord_major_triad_C3.wav,sine,chord,major_triad,C3,0.471014,0.337325,0.333338,-1.253511667251587,54.31694793701172,4.94,-1.949684739112854,0.10595475137233734,5.84
sine_chord_major_triad_C4.wav,sine,chord,major_triad,C4,0.610428,0.19791,0.333338,-1.227222204208374,47.64052963256836,4.645,0.3167729377746582,1.2233291864395142,5.8
sine_chord_major_triad_E3.wav,sine,chord,major_triad,E3,0.521011,0.287327,0.333338,-1.5239678621292114,76.13975524902344,4.98,-1.359833002090454,0.7694345712661743,5.8
sine_chord_major_triad_E4.wav,sine,chord,major_triad,E4,0.648799,0.159539,0.333338,-1.801578402519226,79.57020568847656,4.76,-0.6641398072242737,5.555567264556885,5.98
sine_chord_major_triad_G3.wav,sine,chord,major_triad,G3,0.55636,0.251978,0.333338,-1.3696175813674927,65.37506103515625,4.715,-0.2187502086162567,13.522390365600586,5.82
sine_chord_major_triad_G4.wav,sine,chord,major_triad,G4,0.674523,0.133816,0.333338,-1.3331421613693237,75.43626403808594,4.66,-0.28736093640327454,0.047930292785167694,6.04
sine_chord_major_triad_inv1_C3.wav,sine,inversion,major_triad_inv1,C3,0.241994,0.24134,0.333333,-1.2826353311538696,80.3704833984375,4.78,-1.0327893495559692,0.32653605937957764,5.82
sine_chord_major_triad_inv1_C4.wav,sine,inversion,major_triad_inv1,C4,0.343004,0.140329,0.333333,-1.2581778764724731,43.307857513427734,4.5,0.07399682700634003,1.4268999099731445,5.72
sine_chord_major_triad_inv1_G3.wav,sine,inversion,major_triad_inv1,G3,0.304575,0.178758,0.333333,-1.482791543006897,74.9305648803711,4.6,0.05088190734386444,3.1783063411712646,5.76
sine_chord_major_triad_inv2_C3.wav,sine,inversion,major_triad_inv2,C3,0.364418,0.11892,0.333338,-1.4252092838287354,65.71858978271484,4.625,-0.7723263502120972,1.9872844219207764,5.74
sine_chord_major_triad_inv2_C4.wav,sine,inversion,major_triad_inv2,C4,0.435034,0.048304,0.333338,-0.6369107365608215,112.74478149414062,4.98,-0.03188227862119675,0.987832248210907,5.94
sine_chord_major_triad_inv2_G3.wav,sine,inversion,major_triad_inv2,G3,0.410756,0.072582,0.333338,-0.9579511880874634,146.45498657226562,4.92,-0.29235780239105225,0.752025306224823,5.66
sine_chord_minor_7th_C3.wav,sine,chord,minor_7th,C3,0.608701,0.266302,0.500004,-1.4049001932144165,34.95268630981445,4.62,-1.8914953470230103,0.2288588136434555,4.78
sine_chord_minor_7th_C4.wav,sine,chord,minor_7th,C4,0.715953,0.15905,0.500004,-1.6120729446411133,17.69505500793457,4.34,0.21206124126911163,0.9870902895927429,5.0
sine_chord_minor_7th_E3.wav,sine,chord,minor_7th,E3,0.64731,0.227694,0.500004,-1.4409980773925781,41.64085388183594,4.26,-1.289394497871399,1.1981374025344849,4.9
sine_chord_minor_7th_E4.wav,sine,chord,minor_7th,E4,0.745479,0.129525,0.500004,-1.2212250232696533,57.45095443725586,4.48,-0.026971176266670227,0.041736118495464325,4.8
sine_chord_minor_7th_G3.wav,sine,chord,minor_7th,G3,0.67447,0.200534,0.500004,-1.2642695903778076,97.1950454711914,4.39,-0.01588725671172142,14.453094482421875,4.96
sine_chord_minor_7th_G4.wav,sine,chord,minor_7th,G4,0.76538,0.109624,0.500004,-1.0697907209396362,147.38357543945312,4.54,0.6266645789146423,1.8410106897354126,4.8
sine_chord_minor_triad_C3.wav,sine,chord,minor_triad,C3,0.439641,0.343697,0.333338,-1.4468142986297607,56.19970703125,4.46,-1.8991796970367432,0.3528172969818115,5.0
sine_chord_minor_triad_C4.wav,sine,chord,minor_triad,C4,0.575561,0.207778,0.333338,-1.3108958005905151,29.046308517456055,4.26,0.26362594962120056,6.723404407501221,5.16
sine_chord_minor_triad_E3.wav,sine,chord,minor_triad,E3,0.488204,0.295134,0.333338,-1.4259774684906006,81.49687194824219,4.54,-1.403971791267395,0.5514122247695923,4.88
sine_chord_minor_triad_E4.wav,sine,chord,minor_triad,E4,0.613431,0.169907,0.333338,-1.4436389207839966,68.64806365966797,4.5,-0.13338716328144073,64.92771911621094,5.3
sine_chord_minor_triad_G3.wav,sine,chord,minor_triad,G3,0.522634,0.260704,0.333338,-1.1774697303771973,59.3391227722168,4.32,-0.17784644663333893,0.6386790871620178,5.34
sine_chord_minor_triad_G4.wav,sine,chord,minor_triad,G4,0.63904,0.144299,0.333338,-1.3349450826644897,53.19248580932617,4.56,0.5169780850410461,2.093428373336792,4.93
sine_chord_minor_triad_inv1_C3.wav,sine,inversion,minor_triad_inv1,C3,0.320686,0.162653,0.333338,-1.571009874343872,100.83961486816406,4.62,-0.9917815923690796,0.8121063709259033,5.22
sine_chord_minor_triad_inv1_C4.wav,sine,inversion,minor_triad_inv1,C4,0.406753,0.076586,0.333338,-1.3271392583847046,78.59522247314453,4.54,-0.09528914093971252,1.2775442600250244,5.14
sine_chord_minor_triad_inv1_G3.wav,sine,inversion,minor_triad_inv1,G3,0.375843,0.107496,0.333338,-1.3261499404907227,80.7774658203125,4.535,0.17112140357494354,2.938755750656128,5.08
sine_chord_minor_triad_inv2_C3.wav,sine,inversion,minor_triad_inv2,C3,0.289001,0.194332,0.333333,-1.4514318704605103,7.222216606140137,4.48,-0.6075515747070312,0.15704844892024994,5.08
sine_chord_minor_triad_inv2_C4.wav,sine,inversion,minor_triad_inv2,C4,0.382987,0.100346,0.333333,-0.7681688666343689,64.00778198242188,4.82,-0.08196523040533066,0.1534484624862671,5.24
sine_chord_minor_triad_inv2_G3.wav,sine,inversion,minor_triad_inv2,G3,0.348348,0.134985,0.333333,-1.3580152988433838,47.99835205078125,4.4,-0.5049231052398682,14.748002052307129,5.06
sine_interval_major_second_C3.wav,sine,interval,major_second,C3,-0.157166,0.907166,0.5,-1.4917521476745605,44.03285598754883,4.44,-2.1941733360290527,0.2535894811153412,4.88
sine_interval_major_second_C4.wav,sine,interval,major_second,C4,-0.014113,0.764113,0.5,-1.4189287424087524,117.88594818115234,4.81,-1.2210325002670288,4.075682640075684,4.98
sine_interval_major_second_E3.wav,sine,interval,major_second,E3,-0.116208,0.866208,0.5,-1.319602131843567,11.989394187927246,4.26,-1.7925324440002441,0.10337793827056885,5.3
sine_interval_major_second_E4.wav,sine,interval,major_second,E4,0.045402,0.704598,0.5,-1.3907980918884277,276.13873291015625,4.62,-0.5038838982582092,1.983525037765503,5.02
sine_interval_major_second_G3.wav,sine,interval,major_second,G3,-0.080892,0.830892,0.5,-1.3825381994247437,75.65054321289062,4.58,-1.280489444732666,7.636526107788086,4.92
sine_interval_major_second_G4.wav,sine,interval,major_second,G4,0.092845,0.657155,0.5,-1.5142600536346436,39.75501251220703,4.535,-0.30010122060775757,0.7683850526809692,5.24
sine_interval_major_seventh_C3.wav,sine,interval,major_seventh,C3,0.671851,0.003149,0.5,-2.053967237472534,54.52021789550781,4.825,-1.375551700592041,4.0077619552612305,5.42
sine_interval_major_seventh_C4.wav,sine,interval,major_seventh,C4,0.674656,0.000344,0.5,-1.8508834838867188,115.26494598388672,4.86,-0.03525587171316147,2.244898557662964,5.42
sine_interval_major_seventh_E3.wav,sine,interval,major_seventh,E3,0.673394,0.001606,0.5,-1.5741748809814453,4.329319477081299,4.66,-0.8947605490684509,3.4000394344329834,5.24
sine_interval_major_seventh_E4.wav,sine,interval,major_seventh,E4,0.674858,0.000142,0.5,-1.2367146015167236,40.09049987792969,4.8,-0.01687317155301571,6.1838459968566895,5.58
sine_interval_major_seventh_G3.wav,sine,interval,major_seventh,G3,0.67407,0.00093,0.5,-1.3493350744247437,2.276268243789673,4.77,-0.5036158561706543,0.2131578028202057,5.14
sine_interval_major_seventh_G4.wav,sine,interval,major_seventh,G4,0.67493,7e-05,0.5,-0.26755496859550476,35.64624786376953,4.56,0.5027785301208496,0.5233845710754395,5.5
sine_interval_major_sixth_C3.wav,sine,interval,major_sixth,C3,0.810569,0.014431,0.5,-1.7480030059814453,68.05888366699219,4.535,-1.7156453132629395,0.08895695209503174,5.14
sine_interval_major_sixth_C4.wav,sine,interval,major_sixth,C4,0.822463,0.002537,0.5,-1.434530258178711,33.264404296875,4.9,-0.3763483166694641,5.975921154022217,5.12
sine_interval_major_sixth_E3.wav,sine,interval,major_sixth,E3,0.816479,0.008521,0.5,-1.510622501373291,80.41854858398438,4.98,-0.8280580639839172,4.636833667755127,5.04
sine_interval_major_sixth_E4.wav,sine,interval,major_sixth,E4,0.823732,0.001268,0.5,-1.302456259727478,70.04108428955078,4.86,-0.23173534870147705,2.10904860496521,5.26
sine_interval_major_sixth_G3.wav,sine,interval,major_sixth,G3,0.819448,0.005552,0.5,-1.493923544883728,61.5720329284668,4.84,-0.4074270725250244,0.043103478848934174,5.2
sine_interval_major_sixth_G4.wav,sine,interval,major_sixth,G4,0.824278,0.000722,0.5,-0.7970160245895386,56.423404693603516,4.9667,0.40975096821784973,0.5195906758308411,5.32
sine_interval_major_third_C3.wav,sine,interval,major_third,C3,0.488664,0.386336,0.5,-1.386796236038208,13.728790283203125,4.44,-2.0749142169952393,0.11770697683095932,5.66
sine_interval_major_third_C4.wav,sine,interval,major_third,C4,0.663273,0.211727,0.5,-1.622920274734497,100.93291473388672,4.6,-0.7718268036842346,0.30320242047309875,5.64
sine_interval_major_third_E3.wav,sine,interval,major_third,E3,0.551675,0.323325,0.5,-1.5962876081466675,81.07390594482422,4.785,-1.3218209743499756,2.5325844287872314,5.34
sine_interval_major_third_E4.wav,sine,interval,major_third,E4,0.709964,0.165036,0.5,-1.7189465761184692,61.040157318115234,4.68,-0.7458288669586182,1.8296520709991455,5.42
sine_interval_major_third_G3.wav,sine,interval,major_third,G3,0.596085,0.278915,0.5,-1.7186380624771118,63.88923645019531,4.62,-0.9658504724502563,0.2461816817522049,5.3
sine_interval_major_third_G4.wav,sine,interval,major_third,G4,0.74055,0.13445,0.5,-1.8215594291687012,86.72765350341797,4.55,-0.29148346185684204,5.306056022644043,5.6
sine_interval_minor_second_C3.wav,sine,interval,minor_second,C3,-0.83705,0.962057,7e-06,-1.972017526626587,95.02948760986328,4.24,-2.4593327045440674,0.12389940768480301,3.78
sine_interval_minor_second_C4.wav,sine,interval,minor_second,C4,-0.87381,0.998817,7e-06,-1.527876377105713,107.66886138916016,4.405,-1.3119856119155884,3.6624627113342285,4.02
sine_interval_minor_second_E3.wav,sine,interval,minor_second,E3,-0.854472,0.97948,7e-06,-1.4386483430862427,11.297209739685059,4.35,-1.9824464321136475,0.11383400857448578,3.92
sine_interval_minor_second_E4.wav,sine,interval,minor_second,E4,-0.874481,0.999489,7e-06,-1.2944903373718262,86.80541229248047,4.16,-1.6861976385116577,0.6560969352722168,4.16
sine_interval_minor_second_G3.wav,sine,interval,minor_second,G3,-0.864323,0.98933,7e-06,-1.4331364631652832,58.20132064819336,4.2,-1.5879991054534912,0.4211578369140625,4.02
sine_interval_minor_second_G4.wav,sine,interval,minor_second,G4,-0.870593,0.9956,7e-06,-1.6134687662124634,102.94882202148438,4.27,-1.5928608179092407,4.267709732055664,3.94
sine_interval_minor_seventh_C3.wav,sine,interval,minor_seventh,C3,0.718187,0.006813,0.5,-1.9294726848602295,0.2555123269557953,4.28,-1.4747676849365234,0.19601480662822723,4.58
sine_interval_minor_seventh_C4.wav,sine,interval,minor_seventh,C4,0.724055,0.000945,0.5,-1.6288443803787231,1.2148182392120361,4.56,-0.5976964235305786,0.12135616689920425,4.94
sine_interval_minor_seventh_E3.wav,sine,interval,minor_seventh,E3,0.721259,0.003741,0.5,-1.5597962141036987,48.42062759399414,4.29,-0.7587395906448364,2.4904041290283203,4.78
sine_interval_minor_seventh_E4.wav,sine,interval,minor_seventh,E4,0.72457,0.00043,0.5,-1.3949309587478638,2.4072444438934326,4.54,-0.1878637969493866,1.7568730115890503,4.78
sine_interval_minor_seventh_G3.wav,sine,interval,minor_seventh,G3,0.722702,0.002298,0.5,-1.4313784837722778,3.5792794227600098,4.46,-0.3318008482456207,0.3604229986667633,5.14
sine_interval_minor_seventh_G4.wav,sine,interval,minor_seventh,G4,0.724772,0.000228,0.5,-0.5527557730674744,107.7364501953125,4.65,0.42679527401924133,0.7333322167396545,4.94
sine_interval_minor_sixth_C3.wav,sine,interval,minor_sixth,C3,0.745156,0.029844,0.5,-1.6568105220794678,56.59794998168945,4.58,-1.8603016138076782,0.11267373710870743,4.56
sine_interval_minor_sixth_C4.wav,sine,interval,minor_sixth,C4,0.768369,0.006631,0.5,-1.3134541511535645,75.74871063232422,4.27,-0.5984479188919067,0.12302953749895096,4.82
sine_interval_minor_sixth_E3.wav,sine,interval,minor_sixth,E3,0.756065,0.018935,0.5,-1.6480581760406494,79.79084014892578,4.56,-1.2209818363189697,0.24876652657985687,4.84
sine_interval_minor_sixth_E4.wav,sine,interval,minor_sixth,E4,0.771368,0.003632,0.5,-1.4346280097961426,48.418033599853516,4.6,-0.12515789270401,1.3162921667099,4.7
sine_interval_minor_sixth_G3.wav,sine,interval,minor_sixth,G3,0.76193,0.01307,0.5,-1.5021350383758545,13.913278579711914,4.64,-0.4750690758228302,0.05976976454257965,4.84
sine_interval_minor_sixth_G4.wav,sine,interval,minor_sixth,G4,0.772773,0.002227,0.5,-0.9460292458534241,181.0329132080078,4.445,0.2585076093673706,0.6796835064888,5.02
sine_interval_minor_third_C3.wav,sine,interval,minor_third,C3,0.217654,0.632346,0.5,-1.2263375520706177,26.823123931884766,4.32,-2.277942657470703,0.10978812724351883,4.68
sine_interval_minor_third_C4.wav,sine,interval,minor_third,C4,0.419554,0.430446,0.5,-1.5353469848632812,36.406028747558594,4.5,-0.6070974469184875,3.6707701683044434,5.12
sine_interval_minor_third_E3.wav,sine,interval,minor_third,E3,0.284397,0.565603,0.5,-1.1883705854415894,68.49143981933594,4.24,-1.8999519348144531,0.11677396297454834,4.84
sine_interval_minor_third_E4.wav,sine,interval,minor_third,E4,0.484799,0.365201,0.5,-1.400302767753601,110.84123229980469,3.94,-0.17330867052078247,10.113251686096191,5.14
sine_interval_minor_third_G3.wav,sine,interval,minor_third,G3,0.335255,0.514745,0.5,-1.30861234664917,22.232635498046875,4.35,-1.0645310878753662,0.10441067814826965,4.825
sine_interval_minor_third_G4.wav,sine,interval,minor_third,G4,0.531473,0.318527,0.5,-1.5112321376800537,117.41476440429688,4.42,-0.3653949201107025,7.174585342407227,5.18
sine_interval_octave_C3.wav,sine,interval,octave,C3,0.948572,0.001428,0.5,-1.9008979797363281,103.2121353149414,4.62,-1.319531798362732,0.11743593961000443,5.16
sine_interval_octave_C4.wav,sine,interval,octave,C4,0.949878,0.000122,0.5,-1.3221291303634644,48.45425796508789,4.66,-0.3376952111721039,6.003432273864746,5.26
sine_interval_octave_E3.wav,sine,interval,octave,E3,0.949324,0.000676,0.5,-1.7327474355697632,48.266395568847656,4.56,-0.8578794002532959,1.8082698583602905,5.34
sine_interval_octave_E4.wav,sine,interval,octave,E4,0.949954,4.6e-05,0.5,-1.4293019771575928,0.2212660312652588,4.62,-0.4225565493106842,0.6678829789161682,5.22
sine_interval_octave_G3.wav,sine,interval,octave,G3,0.949631,0.000369,0.5,-1.296194314956665,42.99223327636719,4.4,-0.33730074763298035,2.2404673099517822,5.1
sine_interval_octave_G4.wav,sine,interval,octave,G4,0.949979,2.1e-05,0.5,0.03814327344298363,21.965797424316406,4.38,0.0642247274518013,4.2171735763549805,5.42
sine_interval_perfect_fifth_C3.wav,sine,interval,perfect_fifth,C3,0.864966,0.060034,0.5,-1.3297572135925293,55.78269958496094,4.76,-1.609483003616333,0.6767742037773132,5.72
sine_interval_perfect_fifth_C4.wav,sine,interval,perfect_fifth,C4,0.908197,0.016803,0.5,-1.1922016143798828,136.1492919921875,4.66,-0.244993194937706,0.22310499846935272,5.66
sine_interval_perfect_fifth_E3.wav,sine,interval,perfect_fifth,E3,0.884116,0.040884,0.5,-1.5796116590499878,62.23576736450195,4.71,-1.1177375316619873,7.596085548400879,5.56
sine_interval_perfect_fifth_E4.wav,sine,interval,perfect_fifth,E4,0.914929,0.010071,0.5,-1.5856707096099854,82.93145751953125,4.91,-0.09282607585191727,1.7480281591415405,5.76
sine_interval_perfect_fifth_G3.wav,sine,interval,perfect_fifth,G3,0.895124,0.029876,0.5,-1.3742568492889404,51.15493392944336,4.66,-0.5984669923782349,0.06911647319793701,5.535
sine_interval_perfect_fifth_G4.wav,sine,interval,perfect_fifth,G4,0.918359,0.006641,0.5,-1.040095567703247,61.536224365234375,4.54,-0.16465388238430023,0.7013561725616455,5.9
sine_interval_perfect_fourth_C3.wav,sine,interval,perfect_fourth,C3,0.681716,0.218284,0.5,-1.2095699310302734,3.588709592819214,4.68,-1.9860228300094604,0.13023512065410614,5.695
sine_interval_perfect_fourth_C4.wav,sine,interval,perfect_fourth,C4,0.804041,0.095959,0.5,-1.9233298301696777,75.50834655761719,4.98,-0.7284425497055054,0.20462723076343536,5.56
sine_interval_perfect_fourth_E3.wav,sine,interval,perfect_fourth,E3,0.729264,0.170736,0.5,-1.712746024131775,36.48552703857422,4.76,-1.2575483322143555,0.49537062644958496,5.52
sine_interval_perfect_fourth_E4.wav,sine,interval,perfect_fourth,E4,0.83138,0.06862,0.5,-1.3667782545089722,11.473198890686035,4.72,-0.5720911026000977,2.3296003341674805,5.64
sine_interval_perfect_fourth_G3.wav,sine,interval,perfect_fourth,G3,0.760519,0.139481,0.5,-1.6561815738677979,117.00983428955078,4.76,-0.6762163043022156,0.06809315830469131,5.56
sine_interval_perfect_fourth_G4.wav,sine,interval,perfect_fourth,G4,0.847845,0.052155,0.5,-1.3796896934509277,91.15911865234375,4.675,-0.017132235690951347,0.44284963607788086,5.34
sine_interval_tritone_C3.wav,sine,interval,tritone,C3,0.533156,0.116844,0.5,-1.242912769317627,28.819726943969727,4.32,-1.8840231895446777,0.14846286177635193,3.875
sine_interval_tritone_C4.wav,sine,interval,tritone,C4,0.608944,0.041056,0.5,-1.637526273727417,88.16407775878906,4.76,-0.6328021287918091,0.0405280739068985,4.12
sine_interval_tritone_E3.wav,sine,interval,tritone,E3,0.564678,0.085322,0.5,-1.7147566080093384,73.98316192626953,4.5,-1.153191089630127,3.1124796867370605,3.94
sine_interval_tritone_E4.wav,sine,interval,tritone,E4,0.623103,0.026897,0.5,-1.5147433280944824,40.03028106689453,4.16,-0.4699418842792511,0.16575059294700623,3.82
sine_interval_tritone_G3.wav,sine,interval,tritone,G3,0.584048,0.065952,0.5,-1.3372485637664795,56.28195571899414,4.6,-0.3499530553817749,0.3304789662361145,3.84
sine_interval_tritone_G4.wav,sine,interval,tritone,G4,0.630949,0.019051,0.5,-1.111706256866455,54.885196685791016,4.655,-0.07753411680459976,0.7318300604820251,3.94
sine_interval_unison_C3.wav,sine,interval,unison,C3,0.475,0.0,0.0,-1.5456429719924927,29.220603942871094,4.17,-1.9331612586975098,0.0882045105099678,4.66
sine_interval_unison_C4.wav,sine,interval,unison,C4,0.475,0.0,0.0,-1.5500770807266235,9.775136947631836,4.16,-0.8075596690177917,1.9048020839691162,4.64
sine_interval_unison_E3.wav,sine,interval,unison,E3,0.475,0.0,0.0,-1.6135270595550537,84.56489562988281,4.34,-1.3120942115783691,0.4261779487133026,5.1
sine_interval_unison_E4.wav,sine,interval,unison,E4,0.475,0.0,0.0,-1.541644811630249,18.10800552368164,4.345,-0.30950605869293213,0.4832639992237091,4.98
sine_interval_unison_G3.wav,sine,interval,unison,G3,0.475,0.0,0.0,-1.5005131959915161,97.08663177490234,4.545,-0.6768979430198669,0.17307552695274353,4.72
sine_interval_unison_G4.wav,sine,interval,unison,G4,0.475,0.0,0.0,-1.3405330181121826,124.93951416015625,4.5,-0.09926705062389374,14.978106498718262,4.94
